Title,Media URL,Pinterest board,Thumbnail,Description,Link,Publish date,Keywords
"PHILIPS Digital Airfryer HD9252/90 with Touch Panel, 4.1 Litre, Large - ₹7,299 (39% OFF)",https://m.media-amazon.com/images/I/51kxBUJZNUL._SX679_.jpg,Best Deals on Amazon,,"PHILIPS Digital Airfryer HD9252/90 with Touch Panel, 4.1 Litre, Large | Now only ₹7,299 (39% OFF) on Amazon India! Rated 4★ (19+ reviews). Handpicked Home & Kitchen Essentials deal. Tap to buy on Amazon! #ad #AmazonDeals #BestDeals #TodayDeals #Philips",https://www.amazon.in/dp/B097RJ867P?tag=nagireddy0e-21,,"Amazon Deals, Home & Kitchen Essentials, Philips, Today Deals, Online Shopping"
Buy Prestige Iris 750 Watt Mixer Grinder with 3 Stainless Steel Jar + 1 Juicer Jar (White an...,https://m.media-amazon.com/images/I/71qiTDQrBQL._SX679_.jpg,Best Deals on Amazon,,"Buy Prestige Iris 750 Watt Mixer Grinder with 3 Stainless Steel Jar + 1 Juicer Jar (White and Blue) Online at Low Prices in India | Now only ₹2,599 (51% OFF) on Amazon India! Rated 4.2★ (52+ reviews). Handpicked Home & Kitchen Essentials deal. Tap to buy on Amazon! #ad #AmazonDeals #BestDeals #TodayDeals #Prestige",https://www.amazon.in/dp/B0756K5DYZ?tag=nagireddy0e-21,,"Amazon Deals, Home & Kitchen Essentials, Prestige, Today Deals, Online Shopping"
"Buy AO Smith Geyser 15 Ltr With 5 Star BEE Rating, Vertical Water Heater | Geyser 15+ Litre ...",https://m.media-amazon.com/images/I/6178dHjxEuL._SX679_.jpg,Best Deals on Amazon,,"Buy AO Smith Geyser 15 Ltr With 5 Star BEE Rating, Vertical Water Heater | Geyser 15+ Litre For High Rise Building | 7 Year Tank Warranty, 2 Year Comprehensive Warranty | SDS-GREEN-015 Online at Low Prices in India | Now only ₹9,499 (34% OFF) on Amazon India! Rated 4.3★ (226+ reviews). Handpicked Home & Kitchen Essentials deal. Tap to buy on Amazon! #ad #AmazonDeals #BestDeals #TodayDeals #AOSmith",https://www.amazon.in/dp/B07RPLT5T6?tag=nagireddy0e-21,,"Amazon Deals, Home & Kitchen Essentials, AO Smith, Today Deals, Online Shopping"
Whirlpool 7 Kg 5 Star Inverter Front Load Washing Machine with In-Built Heater (SUPREME CARE...,https://m.media-amazon.com/images/I/61Y4Roz++DL._SX679_.jpg,Best Deals on Amazon,,"Whirlpool 7 Kg 5 Star Inverter Front Load Washing Machine with In-Built Heater (SUPREME CARE 7012 -E, Midnight Grey, 100+ Tough Stains, Steam Technology, 2025 Model) | Now only ₹26,790 (24% OFF) on Amazon India! Rated 4.2★ (1590+ reviews). Handpicked Home & Kitchen Essentials deal. Tap to buy on Amazon! #ad #AmazonDeals #BestDeals #TodayDeals #Whirlpool",https://www.amazon.in/dp/B0FGNX85XS?tag=nagireddy0e-21,,"Amazon Deals, Home & Kitchen Essentials, Whirlpool, Today Deals, Online Shopping"
"boAt Rockerz 421, 60H Battery, Low Latency(40Ms), 40Mm Drivers, ENx Tech, Stream Ad Free Mus...",https://m.media-amazon.com/images/I/71bUXVCt5EL._SX679_.jpg,Best Deals on Amazon,,"boAt Rockerz 421, 60H Battery, Low Latency(40Ms), 40Mm Drivers, ENx Tech, Stream Ad Free Music via App Support, Bluetooth Headphones, Wireless Over Ear Headphone with Mic (Black Sabre) | Now only ₹1,099 (56% OFF) on Amazon India! Rated 4.3★ (1520+ reviews). Handpicked Gadgets & Electronics deal. Tap to buy on Amazon! #ad #AmazonDeals #BestDeals #TodayDeals #boAt",https://www.amazon.in/dp/B0F7M3Q8DV?tag=nagireddy0e-21,,"Amazon Deals, Gadgets & Electronics, boAt, Today Deals, Online Shopping"
"Samsung Galaxy S25 Ultra 5G Mobile with Galaxy AI - ₹94,999 (27% OFF)",https://m.media-amazon.com/images/I/71T10gT0BSL._SX679_.jpg,Best Deals on Amazon,,"Samsung Galaxy S25 Ultra 5G Mobile with Galaxy AI | Now only ₹94,999 (27% OFF) on Amazon India! Rated 3.9★ (113+ reviews). Handpicked Gadgets & Electronics deal. Tap to buy on Amazon! #ad #AmazonDeals #BestDeals #TodayDeals #Samsung",https://www.amazon.in/dp/B0DSKL9MQ8?tag=nagireddy0e-21,,"Amazon Deals, Gadgets & Electronics, Samsung, Today Deals, Online Shopping"
OnePlus Nord CE6 Lite | 8GB+128GB | Hyper Black | Segment&#x27;s Fastest Dimensity 7400 Apex...,https://m.media-amazon.com/images/I/61T18EfkX0L._SX679_.jpg,Best Deals on Amazon,,"OnePlus Nord CE6 Lite | 8GB+128GB | Hyper Black | Segment&#x27;s Fastest Dimensity 7400 Apex Processor | 7000mAh Battery | Segment&#x27;s Highest 144Hz Refresh Rate | 50MP Main Camera, 4K Video Recording | Now only ₹26,999 (21% OFF) on Amazon India! Rated 4★ (1742+ reviews). Handpicked Gadgets & Electronics deal. Tap to buy on Amazon! #ad #AmazonDeals #BestDeals #TodayDeals #OnePlus",https://www.amazon.in/dp/B0GVYXPZBS?tag=nagireddy0e-21,,"Amazon Deals, Gadgets & Electronics, OnePlus, Today Deals, Online Shopping"
"Samsung 43 inches Crystal UHD 4K Samsung Vision AI Smart TV UA43UE86AHULXL - ₹29,990 (25% OFF)",https://m.media-amazon.com/images/I/81pgMfiak0L._SX679_.jpg,Best Deals on Amazon,,"Samsung 43 inches Crystal UHD 4K Samsung Vision AI Smart TV UA43UE86AHULXL | Now only ₹29,990 (25% OFF) on Amazon India! Rated 3.8★ (625+ reviews). Handpicked Gadgets & Electronics deal. Tap to buy on Amazon! #ad #AmazonDeals #BestDeals #TodayDeals #Samsung",https://www.amazon.in/dp/B0GXB76VRW?tag=nagireddy0e-21,,"Amazon Deals, Gadgets & Electronics, Samsung, Today Deals, Online Shopping"
"Nothing Phone (3) - ₹50,999 (46% OFF)",https://m.media-amazon.com/images/I/717z2bNF6DL._SX679_.jpg,Best Deals on Amazon,,"Nothing Phone (3) | Now only ₹50,999 (46% OFF) on Amazon India! Rated 4★ (133+ reviews). Handpicked Gadgets & Electronics deal. Tap to buy on Amazon! #ad #AmazonDeals #BestDeals #TodayDeals #Nothing",https://www.amazon.in/dp/B0F7RB8NNL?tag=nagireddy0e-21,,"Amazon Deals, Gadgets & Electronics, Nothing, Today Deals, Online Shopping"
"Destinio Umbrella for Man - Large Size 23 inch, Fully Automatic, Windproof Fibreglass Ribs, ...",https://m.media-amazon.com/images/I/61rDQkY73PL._SX679_.jpg,Best Deals on Amazon,,"Destinio Umbrella for Man - Large Size 23 inch, Fully Automatic, Windproof Fibreglass Ribs, UPF 50+ Sun Protection, Premium 210T Pongee, Foldable Travel Umbrella for Rain for Men and Women - 3 fold Compact, Black (Auto open auto close) | Now only ₹999 (23% OFF) on Amazon India! Rated 3.8★ (2479+ reviews). Handpicked Seasonal Essentials deal. Tap to buy on Amazon! #ad #AmazonDeals #BestDeals #TodayDeals #Destinio",https://www.amazon.in/dp/B089GM5Q7Z?tag=nagireddy0e-21,,"Amazon Deals, Seasonal Essentials, Destinio, Today Deals, Online Shopping"
Buy ZEEL Rain Coat for Men Waterproof for Bike Riders with Adjustable Hood Along with Inner ...,https://m.media-amazon.com/images/I/41K6UvqbJZL._SX679_.jpg,Best Deals on Amazon,,"Buy ZEEL Rain Coat for Men Waterproof for Bike Riders with Adjustable Hood Along with Inner Pockets,Waterproof Raincoat with Polyester Jacket,Pants and Waterproof Drawstring Bag,AZ05 Black-Green XL Online at Low Prices in India | Now only ₹1,885 (1% OFF) on Amazon India! Rated 4★ (1000+ reviews). Handpicked Seasonal Essentials deal. Tap to buy on Amazon! #ad #AmazonDeals #BestDeals #TodayDeals #ZEEL",https://www.amazon.in/dp/B08947GQCM?tag=nagireddy0e-21,,"Amazon Deals, Seasonal Essentials, ZEEL, Today Deals, Online Shopping"
"Buy Citizen Reversible Raincoat for Women with Inbuilt Hood, Waist Belt & Matching Carry Pou...",https://m.media-amazon.com/images/I/614UHnf26gL._SY879_.jpg,Best Deals on Amazon,,"Buy Citizen Reversible Raincoat for Women with Inbuilt Hood, Waist Belt & Matching Carry Pouch | Stylish Polka Dot Design | Durable & Lightweight Rainsuit with High Tearing Strength | Teal, 2XL at Amazon.in | Now only ₹899 (40% OFF) on Amazon India! Rated 4.3★ (1605+ reviews). Handpicked Seasonal Essentials deal. Tap to buy on Amazon! #ad #AmazonDeals #BestDeals #TodayDeals #Citizen",https://www.amazon.in/dp/B0CPSLYDRD?tag=nagireddy0e-21,,"Amazon Deals, Seasonal Essentials, Citizen, Today Deals, Online Shopping"
"FLYNGO Umbrella for Rain Big Size with Carabiner Handle, UV Coated 3-Fold Travel Umbrella fo...",https://m.media-amazon.com/images/I/51UQZq+6X1L._SX679_.jpg,Best Deals on Amazon,,"FLYNGO Umbrella for Rain Big Size with Carabiner Handle, UV Coated 3-Fold Travel Umbrella for Sun Protection, Windproof Reinforced 10 Dual Ribs, Automatic Open/Close (Beige) | Now only ₹545 (55% OFF) on Amazon India! Rated 4.4★ (144+ reviews). Handpicked Seasonal Essentials deal. Tap to buy on Amazon! #ad #AmazonDeals #BestDeals #TodayDeals #FLYNGO",https://www.amazon.in/dp/B0H7S93Q4Q?tag=nagireddy0e-21,,"Amazon Deals, Seasonal Essentials, FLYNGO, Today Deals, Online Shopping"
"Buy Crocs Women&#x27;s Baya Platform Clog Barely Pink 3 Women at Amazon.in - ₹4,196 (30% OFF)",https://m.media-amazon.com/images/I/71CgpFW7XcL._SY695_.jpg,Best Deals on Amazon,,"Buy Crocs Women&#x27;s Baya Platform Clog Barely Pink 3 Women at Amazon.in | Now only ₹4,196 (30% OFF) on Amazon India! Rated 3.8★ (1855+ reviews). Handpicked Seasonal Essentials deal. Tap to buy on Amazon! #ad #AmazonDeals #BestDeals #TodayDeals #Crocs",https://www.amazon.in/dp/B0G596SGTJ?tag=nagireddy0e-21,,"Amazon Deals, Seasonal Essentials, Crocs, Today Deals, Online Shopping"
"Buy American Tourister Valex | 28L Backpack | 17"" Laptop Bag | 2 Compartments | College & Of...",https://m.media-amazon.com/images/I/51yfw2JIxwL._SX679_.jpg,Best Deals on Amazon,,"Buy American Tourister Valex | 28L Backpack | 17"" Laptop Bag | 2 Compartments | College & Office Backpack for Men and Women | Black | 1 Year Global Warranty at Amazon.in | Now only ₹1,299 (48% OFF) on Amazon India! Rated 4.5★ (1965+ reviews). Handpicked Seasonal Essentials deal. Tap to buy on Amazon! #ad #AmazonDeals #BestDeals #TodayDeals #AmericanTourister",https://www.amazon.in/dp/B0BTD4S4XF?tag=nagireddy0e-21,,"Amazon Deals, Seasonal Essentials, American Tourister, Today Deals, Online Shopping"
MAXOSHINE Microfiber Bath Towel Large Size with Hook - ₹283 (86% OFF),https://m.media-amazon.com/images/I/81dYMkZiFEL._SX679_.jpg,Best Deals on Amazon,,MAXOSHINE Microfiber Bath Towel Large Size with Hook | Now only ₹283 (86% OFF) on Amazon India! Rated 4.1★ (2654+ reviews). Handpicked Gadgets & Electronics deal. Tap to buy on Amazon! #ad #AmazonDeals #BestDeals #TodayDeals #MAXOSHINE,https://www.amazon.in/dp/B0CCPPTB93?tag=nagireddy0e-21,,"Amazon Deals, Gadgets & Electronics, MAXOSHINE, Today Deals, Online Shopping"
LiMETRO STEEL Foldable Clothes Drying Stand for Balcony & Indoor Use | Heavy Duty Mild Steel...,https://m.media-amazon.com/images/I/61iSqBQYjeL._SX679_.jpg,Best Deals on Amazon,,"LiMETRO STEEL Foldable Clothes Drying Stand for Balcony & Indoor Use | Heavy Duty Mild Steel Laundry Rack | Space Saving Folding Cloth Dryer Stand | Black | Now only ₹1,599 (60% OFF) on Amazon India! Rated 3.7★ (2957+ reviews). Handpicked Gadgets & Electronics deal. Tap to buy on Amazon! #ad #AmazonDeals #BestDeals #TodayDeals #LiMETRO",https://www.amazon.in/dp/B0GNGZ6FBB?tag=nagireddy0e-21,,"Amazon Deals, Gadgets & Electronics, LiMETRO, Today Deals, Online Shopping"
HIT Anti Mosquito Racquet Rechargeable Insect Killer Bat with LED Light - ₹370 (26% OFF),https://m.media-amazon.com/images/I/71Xe3zMVWeL._SX679_.jpg,Best Deals on Amazon,,HIT Anti Mosquito Racquet Rechargeable Insect Killer Bat with LED Light | Now only ₹370 (26% OFF) on Amazon India! Rated 4★ (920+ reviews). Handpicked Gadgets & Electronics deal. Tap to buy on Amazon! #ad #AmazonDeals #BestDeals #TodayDeals #HIT,https://www.amazon.in/dp/B07S5FBY3J?tag=nagireddy0e-21,,"Amazon Deals, Gadgets & Electronics, HIT, Today Deals, Online Shopping"
"Spotzero by Milton Prime Stainless Steel Wringer Spin Mop with Big Wheel, Puller Handle, Buc...",https://m.media-amazon.com/images/I/71RAA5qZoGL._SX679_.jpg,Best Deals on Amazon,,"Spotzero by Milton Prime Stainless Steel Wringer Spin Mop with Big Wheel, Puller Handle, Bucket Floor Cleaning and Mopping System 360° Flexible,2 Microfiber Refills, Big Size, Aqua Green | Now only ₹1,345 (55% OFF) on Amazon India! Rated 4.2★ (1645+ reviews). Handpicked Home & Kitchen Essentials deal. Tap to buy on Amazon! #ad #AmazonDeals #BestDeals #TodayDeals #Spotzero",https://www.amazon.in/dp/B07D4T4YT2?tag=nagireddy0e-21,,"Amazon Deals, Home & Kitchen Essentials, Spotzero, Today Deals, Online Shopping"
"Samsung Galaxy S25 Ultra 5G - ₹92,500 (29% OFF)",https://m.media-amazon.com/images/I/61-g46cjguL._SX679_.jpg,Best Deals on Amazon,,"Samsung Galaxy S25 Ultra 5G | Now only ₹92,500 (29% OFF) on Amazon India! Rated 3.9★ (113+ reviews). Handpicked Gadgets & Electronics deal. Tap to buy on Amazon! #ad #AmazonDeals #BestDeals #TodayDeals #Samsung",https://www.amazon.in/dp/B0DVC6VC7P?tag=nagireddy0e-21,,"Amazon Deals, Gadgets & Electronics, Samsung, Today Deals, Online Shopping"
"Samsung Galaxy S25 Ultra 5G - ₹91,180 (30% OFF)",https://m.media-amazon.com/images/I/31at6m6WP0L.jpg,Best Deals on Amazon,,"Samsung Galaxy S25 Ultra 5G | Now only ₹91,180 (30% OFF) on Amazon India! Rated 3.9★ (113+ reviews). Handpicked Gadgets & Electronics deal. Tap to buy on Amazon! #ad #AmazonDeals #BestDeals #TodayDeals #Samsung",https://www.amazon.in/dp/B0DVC8FPVJ?tag=nagireddy0e-21,,"Amazon Deals, Gadgets & Electronics, Samsung, Today Deals, Online Shopping"
"Samsung Galaxy S25 Ultra 5G - ₹92,450 (29% OFF)",https://m.media-amazon.com/images/I/61Zdd-f4tCL._SX679_.jpg,Best Deals on Amazon,,"Samsung Galaxy S25 Ultra 5G | Now only ₹92,450 (29% OFF) on Amazon India! Rated 3.9★ (113+ reviews). Handpicked Gadgets & Electronics deal. Tap to buy on Amazon! #ad #AmazonDeals #BestDeals #TodayDeals #Samsung",https://www.amazon.in/dp/B0DVC72DF8?tag=nagireddy0e-21,,"Amazon Deals, Gadgets & Electronics, Samsung, Today Deals, Online Shopping"
OnePlus Nord 6 | 12GB+256GB | Quick Silver | Snapdragon 8s Gen 4 | Segment&#x27;s First Stab...,https://m.media-amazon.com/images/I/61aAC4zDc9L._SX679_.jpg,Best Deals on Amazon,,"OnePlus Nord 6 | 12GB+256GB | Quick Silver | Snapdragon 8s Gen 4 | Segment&#x27;s First Stable 165FPS Gaming | Segment&#x27;s Largest 9000mAh Battery | Most Complete IP Rating | Personalized AI | Now only ₹50,499 (11% OFF) on Amazon India! Rated 4★ (359+ reviews). Handpicked Gadgets & Electronics deal. Tap to buy on Amazon! #ad #AmazonDeals #BestDeals #TodayDeals #OnePlus",https://www.amazon.in/dp/B0GRB3S1FL?tag=nagireddy0e-21,,"Amazon Deals, Gadgets & Electronics, OnePlus, Today Deals, Online Shopping"
OnePlus Nord 6 | 8GB+256GB | Fresh Mint | Snapdragon 8s Gen 4 | Segment&#x27;s First Stable ...,https://m.media-amazon.com/images/I/61F1NWYtCKL._SX679_.jpg,Best Deals on Amazon,,"OnePlus Nord 6 | 8GB+256GB | Fresh Mint | Snapdragon 8s Gen 4 | Segment&#x27;s First Stable 165FPS Gaming | Segment&#x27;s Largest 9000mAh Battery | Most Complete IP Rating | Personalized AI | Now only ₹44,499 (16% OFF) on Amazon India! Rated 4★ (1187+ reviews). Handpicked Gadgets & Electronics deal. Tap to buy on Amazon! #ad #AmazonDeals #BestDeals #TodayDeals #OnePlus",https://www.amazon.in/dp/B0GRBBPBGQ?tag=nagireddy0e-21,,"Amazon Deals, Gadgets & Electronics, OnePlus, Today Deals, Online Shopping"
OnePlus Nord 6 | 8GB+256GB | Pitch Black | Snapdragon 8s Gen 4 | Segment&#x27;s First Stable...,https://m.media-amazon.com/images/I/614tE-mOJeL._SX679_.jpg,Best Deals on Amazon,,"OnePlus Nord 6 | 8GB+256GB | Pitch Black | Snapdragon 8s Gen 4 | Segment&#x27;s First Stable 165FPS Gaming | Segment&#x27;s Largest 9000mAh Battery | Most Complete IP Rating | Personalized AI | Now only ₹44,499 (16% OFF) on Amazon India! Rated 4★ (1187+ reviews). Handpicked Gadgets & Electronics deal. Tap to buy on Amazon! #ad #AmazonDeals #BestDeals #TodayDeals #OnePlus",https://www.amazon.in/dp/B0GRB3FBBB?tag=nagireddy0e-21,,"Amazon Deals, Gadgets & Electronics, OnePlus, Today Deals, Online Shopping"
OnePlus Nord CE6 | 8GB+256GB | Fresh Blue | Snapdragon 7s Gen 4 | Segment&#x27;s Fastest Tou...,https://m.media-amazon.com/images/I/61EC3mmirsL._SX679_.jpg,Best Deals on Amazon,,"OnePlus Nord CE6 | 8GB+256GB | Fresh Blue | Snapdragon 7s Gen 4 | Segment&#x27;s Fastest Touch Response | 8000mAh Battery | 144Hz 1.5K AMOLED Display | 50MP Main + 32MP Selfie 4K Cameras | IP66,68,69,69K | Now only ₹38,999 (11% OFF) on Amazon India! Rated 4★ (1187+ reviews). Handpicked Gadgets & Electronics deal. Tap to buy on Amazon! #ad #AmazonDeals #BestDeals #TodayDeals #OnePlus",https://www.amazon.in/dp/B0GWLDWKF3?tag=nagireddy0e-21,,"Amazon Deals, Gadgets & Electronics, OnePlus, Today Deals, Online Shopping"
OnePlus Nord CE6 | 8GB+128GB | Lunar Pearl | Snapdragon 7s Gen 4 | Segment&#x27;s Fastest To...,https://m.media-amazon.com/images/I/61XS3YRaPsL._SX679_.jpg,Best Deals on Amazon,,"OnePlus Nord CE6 | 8GB+128GB | Lunar Pearl | Snapdragon 7s Gen 4 | Segment&#x27;s Fastest Touch Response | 8000mAh Battery | 144Hz 1.5K AMOLED Display | 50MP Main + 32MP Selfie 4K Cameras | IP66,68,69,69K | Now only ₹34,999 (15% OFF) on Amazon India! Rated 4★ (1187+ reviews). Handpicked Gadgets & Electronics deal. Tap to buy on Amazon! #ad #AmazonDeals #BestDeals #TodayDeals #OnePlus",https://www.amazon.in/dp/B0GWLTLNTV?tag=nagireddy0e-21,,"Amazon Deals, Gadgets & Electronics, OnePlus, Today Deals, Online Shopping"
OnePlus Nord CE6 | 8GB+128GB | Pitch Black | Snapdragon 7s Gen 4 | Segment&#x27;s Fastest To...,https://m.media-amazon.com/images/I/61Di24QT6GL._SX679_.jpg,Best Deals on Amazon,,"OnePlus Nord CE6 | 8GB+128GB | Pitch Black | Snapdragon 7s Gen 4 | Segment&#x27;s Fastest Touch Response | 8000mAh Battery | 144Hz 1.5K AMOLED Display | 50MP Main + 32MP Selfie 4K Cameras | IP66,68,69,69K | Now only ₹34,999 (15% OFF) on Amazon India! Rated 4★ (1187+ reviews). Handpicked Gadgets & Electronics deal. Tap to buy on Amazon! #ad #AmazonDeals #BestDeals #TodayDeals #OnePlus",https://www.amazon.in/dp/B0GWLHVJRH?tag=nagireddy0e-21,,"Amazon Deals, Gadgets & Electronics, OnePlus, Today Deals, Online Shopping"
OnePlus Nord CE6 Lite | 8GB+128GB | Vivid Mint | Segment&#x27;s Fastest Dimensity 7400 Apex ...,https://m.media-amazon.com/images/I/61bbly9wcKL._SX679_.jpg,Best Deals on Amazon,,"OnePlus Nord CE6 Lite | 8GB+128GB | Vivid Mint | Segment&#x27;s Fastest Dimensity 7400 Apex Processor | 7000mAh Battery | Segment&#x27;s Highest 144Hz Refresh Rate | 50MP Main Camera, 4K Video Recording | Now only ₹26,999 (21% OFF) on Amazon India! Rated 4★ (1742+ reviews). Handpicked Gadgets & Electronics deal. Tap to buy on Amazon! #ad #AmazonDeals #BestDeals #TodayDeals #OnePlus",https://www.amazon.in/dp/B0GVYGLNH7?tag=nagireddy0e-21,,"Amazon Deals, Gadgets & Electronics, OnePlus, Today Deals, Online Shopping"
OnePlus N6 | 4GB+128GB | Fresh Mint | Segment&#x27;s Biggest 8000mAh Battery | Segment&#x27;...,https://m.media-amazon.com/images/I/61d03Bx0AjL._SX679_.jpg,Best Deals on Amazon,,"OnePlus N6 | 4GB+128GB | Fresh Mint | Segment&#x27;s Biggest 8000mAh Battery | Segment&#x27;s Fastest 45W Charging | 48-Month Smoothness | Smooth 120Hz Display | 50MP Camera | Military-Grade Durability | Now only ₹22,998 (26% OFF) on Amazon India! Rated 4★ (458+ reviews). Handpicked Gadgets & Electronics deal. Tap to buy on Amazon! #ad #AmazonDeals #BestDeals #TodayDeals #OnePlus",https://www.amazon.in/dp/B0H3LBSGF8?tag=nagireddy0e-21,,"Amazon Deals, Gadgets & Electronics, OnePlus, Today Deals, Online Shopping"
OnePlus N6 | 4GB+128GB | Midnight Green | Segment&#x27;s Biggest 8000mAh Battery | Segment&#...,https://m.media-amazon.com/images/I/61f5ZCuSD6L._SX679_.jpg,Best Deals on Amazon,,"OnePlus N6 | 4GB+128GB | Midnight Green | Segment&#x27;s Biggest 8000mAh Battery | Segment&#x27;s Fastest 45W Charging | 48-Month Smoothness | Smooth 120Hz Display | 50MP Camera | Military-Grade Durability | Now only ₹22,998 (26% OFF) on Amazon India! Rated 4★ (458+ reviews). Handpicked Gadgets & Electronics deal. Tap to buy on Amazon! #ad #AmazonDeals #BestDeals #TodayDeals #OnePlus",https://www.amazon.in/dp/B0H3LB843J?tag=nagireddy0e-21,,"Amazon Deals, Gadgets & Electronics, OnePlus, Today Deals, Online Shopping"
"Samsung Galaxy A56 5G (Awesome Midnight Blue, 8GB, 128GB) | Segment Most Complete Triple Cam...",https://m.media-amazon.com/images/I/71eiet07NuL._SX679_.jpg,Best Deals on Amazon,,"Samsung Galaxy A56 5G (Awesome Midnight Blue, 8GB, 128GB) | Segment Most Complete Triple Camera | AI Editing | 4nm Processor | sAMOLED Display| Gorilla Glass Victus+| 5 Gen OS Upgrades | Now only ₹31,999 (36% OFF) on Amazon India! Rated 4.1★ (773+ reviews). Handpicked Gadgets & Electronics deal. Tap to buy on Amazon! #ad #AmazonDeals #BestDeals #TodayDeals #Samsung",https://www.amazon.in/dp/B0H1X5XP25?tag=nagireddy0e-21,,"Amazon Deals, Gadgets & Electronics, Samsung, Today Deals, Online Shopping"
"Samsung Galaxy A56 5G (Awesome Graphite, 8GB, 128GB_with Other Offers - ₹38,499 (23% OFF)",https://m.media-amazon.com/images/I/41Vy0m36gPL.jpg,Best Deals on Amazon,,"Samsung Galaxy A56 5G (Awesome Graphite, 8GB, 128GB_with Other Offers | Now only ₹38,499 (23% OFF) on Amazon India! Rated 4★ (1187+ reviews). Handpicked Gadgets & Electronics deal. Tap to buy on Amazon! #ad #AmazonDeals #BestDeals #TodayDeals #Samsung",https://www.amazon.in/dp/B0DYDRXSFH?tag=nagireddy0e-21,,"Amazon Deals, Gadgets & Electronics, Samsung, Today Deals, Online Shopping"
"Samsung Galaxy A56 5G (Awesome Olive, 8GB, 128GB)_with Other Offers - ₹33,998 (26% OFF)",https://m.media-amazon.com/images/I/61sI9ThxQ3L._SX679_.jpg,Best Deals on Amazon,,"Samsung Galaxy A56 5G (Awesome Olive, 8GB, 128GB)_with Other Offers | Now only ₹33,998 (26% OFF) on Amazon India! Rated 4★ (1187+ reviews). Handpicked Gadgets & Electronics deal. Tap to buy on Amazon! #ad #AmazonDeals #BestDeals #TodayDeals #Samsung",https://www.amazon.in/dp/B0DYDQYVN6?tag=nagireddy0e-21,,"Amazon Deals, Gadgets & Electronics, Samsung, Today Deals, Online Shopping"
"Samsung Galaxy A56 5G (Awesome Violet Glow, 8GB, 128GB) | Segment Most Complete Triple Camer...",https://m.media-amazon.com/images/I/71Z57MFGUKL._SX679_.jpg,Best Deals on Amazon,,"Samsung Galaxy A56 5G (Awesome Violet Glow, 8GB, 128GB) | Segment Most Complete Triple Camera | AI Editing | 4nm Processor | sAMOLED Display| Gorilla Glass Victus+| 5 Gen OS Upgrades | Now only ₹31,999 (36% OFF) on Amazon India! Rated 4★ (717+ reviews). Handpicked Gadgets & Electronics deal. Tap to buy on Amazon! #ad #AmazonDeals #BestDeals #TodayDeals #Samsung",https://www.amazon.in/dp/B0H1WY55ZL?tag=nagireddy0e-21,,"Amazon Deals, Gadgets & Electronics, Samsung, Today Deals, Online Shopping"
OnePlus N6x | 4GB+128GB | Burgundy Red | 7000mAh Battery | Power for Days | 48-Months Smooth...,https://m.media-amazon.com/images/I/61rbuaZn+AL._SX679_.jpg,Best Deals on Amazon,,"OnePlus N6x | 4GB+128GB | Burgundy Red | 7000mAh Battery | Power for Days | 48-Months Smoothness | Smooth 120Hz Display | Largest 5300mm2 Cooling System | Military-Grade Durability | Now only ₹20,999 (28% OFF) on Amazon India! Rated 4★ (458+ reviews). Handpicked Gadgets & Electronics deal. Tap to buy on Amazon! #ad #AmazonDeals #BestDeals #TodayDeals #OnePlus",https://www.amazon.in/dp/B0H7S6LT9P?tag=nagireddy0e-21,,"Amazon Deals, Gadgets & Electronics, OnePlus, Today Deals, Online Shopping"
OnePlus N6x | 4GB+64GB | Ice Blue | 7000mAh Battery | Power for Days | 36-Months Smoothness ...,https://m.media-amazon.com/images/I/61PRoytn3wL._SX679_.jpg,Best Deals on Amazon,,"OnePlus N6x | 4GB+64GB | Ice Blue | 7000mAh Battery | Power for Days | 36-Months Smoothness | Smooth 120Hz Display | Largest 5300mm2 Cooling System | Military-Grade Durability | Now only ₹18,999 (30% OFF) on Amazon India! Rated 4★ (717+ reviews). Handpicked Gadgets & Electronics deal. Tap to buy on Amazon! #ad #AmazonDeals #BestDeals #TodayDeals #OnePlus",https://www.amazon.in/dp/B0H7S8V4WC?tag=nagireddy0e-21,,"Amazon Deals, Gadgets & Electronics, OnePlus, Today Deals, Online Shopping"
"OnePlus 13s Snapdragon 8 Elite Smartphone - ₹56,999 (10% OFF)",https://m.media-amazon.com/images/I/61EUYqQSoTL._SX679_.jpg,Best Deals on Amazon,,"OnePlus 13s Snapdragon 8 Elite Smartphone | Now only ₹56,999 (10% OFF) on Amazon India! Rated 4★ (359+ reviews). Handpicked Gadgets & Electronics deal. Tap to buy on Amazon! #ad #AmazonDeals #BestDeals #TodayDeals #OnePlus",https://www.amazon.in/dp/B0F5WNYJF8?tag=nagireddy0e-21,,"Amazon Deals, Gadgets & Electronics, OnePlus, Today Deals, Online Shopping"
"OnePlus 13s Snapdragon 8 Elite Smartphone - ₹51,999 (10% OFF)",https://m.media-amazon.com/images/I/61AzQfBdPgL._SX679_.jpg,Best Deals on Amazon,,"OnePlus 13s Snapdragon 8 Elite Smartphone | Now only ₹51,999 (10% OFF) on Amazon India! Rated 4.2★ (41+ reviews). Handpicked Gadgets & Electronics deal. Tap to buy on Amazon! #ad #AmazonDeals #BestDeals #TodayDeals #OnePlus",https://www.amazon.in/dp/B0F5WRTGCG?tag=nagireddy0e-21,,"Amazon Deals, Gadgets & Electronics, OnePlus, Today Deals, Online Shopping"
"Samsung Galaxy S26 Ultra 5G (Cobalt Violet, 12GB RAM, 256GB Storage) with Built-in Privacy D...",https://m.media-amazon.com/images/I/71xHws+eI5L._SX679_.jpg,Best Deals on Amazon,,"Samsung Galaxy S26 Ultra 5G (Cobalt Violet, 12GB RAM, 256GB Storage) with Built-in Privacy Display, AI Phone, Photo Assist, Creative Studio, 200MP Camera, 5000mAh Battery and Snapdragon 8 Elite Gen 5 | Now only ₹1,24,999 (26% OFF) on Amazon India! Rated 4.5★ (1740+ reviews). Handpicked Gadgets & Electronics deal. Tap to buy on Amazon! #ad #AmazonDeals #BestDeals #TodayDeals #Samsung",https://www.amazon.in/dp/B0GL8G49LV?tag=nagireddy0e-21,,"Amazon Deals, Gadgets & Electronics, Samsung, Today Deals, Online Shopping"
"Samsung Galaxy S26 Ultra 5G (Black, 12GB RAM, 256GB Storage)_with Other Offers - ₹1,18,969 (...",https://m.media-amazon.com/images/I/61T0mhLJVWL._SX679_.jpg,Best Deals on Amazon,,"Samsung Galaxy S26 Ultra 5G (Black, 12GB RAM, 256GB Storage)_with Other Offers | Now only ₹1,18,969 (21% OFF) on Amazon India! Rated 4.5★ (262+ reviews). Handpicked Gadgets & Electronics deal. Tap to buy on Amazon! #ad #AmazonDeals #BestDeals #TodayDeals #Samsung",https://www.amazon.in/dp/B0GLH1M7SK?tag=nagireddy0e-21,,"Amazon Deals, Gadgets & Electronics, Samsung, Today Deals, Online Shopping"
"Samsung Galaxy S26 Ultra 5G (Sky Blue, 12GB RAM, 256GB Storage)_with Other Offers - ₹1,24,99...",https://m.media-amazon.com/images/I/41m6H1haXEL.jpg,Best Deals on Amazon,,"Samsung Galaxy S26 Ultra 5G (Sky Blue, 12GB RAM, 256GB Storage)_with Other Offers | Now only ₹1,24,999 (17% OFF) on Amazon India! Rated 4.5★ (1+ reviews). Handpicked Gadgets & Electronics deal. Tap to buy on Amazon! #ad #AmazonDeals #BestDeals #TodayDeals #Samsung",https://www.amazon.in/dp/B0GLH9DPLD?tag=nagireddy0e-21,,"Amazon Deals, Gadgets & Electronics, Samsung, Today Deals, Online Shopping"
"Samsung Galaxy S26 Ultra 5G (White, 12GB RAM, 256GB Storage)_with Other Offers - ₹1,18,900 (...",https://m.media-amazon.com/images/I/61GW+Dxi9zL._SX679_.jpg,Best Deals on Amazon,,"Samsung Galaxy S26 Ultra 5G (White, 12GB RAM, 256GB Storage)_with Other Offers | Now only ₹1,18,900 (21% OFF) on Amazon India! Rated 4.5★ (279+ reviews). Handpicked Gadgets & Electronics deal. Tap to buy on Amazon! #ad #AmazonDeals #BestDeals #TodayDeals #Samsung",https://www.amazon.in/dp/B0GLGYF3RD?tag=nagireddy0e-21,,"Amazon Deals, Gadgets & Electronics, Samsung, Today Deals, Online Shopping"
"Samsung Galaxy M17e 5G Mobile (Vibe Violet, 4GB RAM, 128GB Storage) | Smoothest 120 Hz Refre...",https://m.media-amazon.com/images/I/717m3kkQM1L._SX679_.jpg,Best Deals on Amazon,,"Samsung Galaxy M17e 5G Mobile (Vibe Violet, 4GB RAM, 128GB Storage) | Smoothest 120 Hz Refresh Rate| Monster 6000 mAh Battery | IP54 | 6 Gen OS Upgrades | AI | Gemini Live | Without Charger | Now only ₹14,999 (12% OFF) on Amazon India! Rated 4.1★ (773+ reviews). Handpicked Gadgets & Electronics deal. Tap to buy on Amazon! #ad #AmazonDeals #BestDeals #TodayDeals #Samsung",https://www.amazon.in/dp/B0GN1P5CSY?tag=nagireddy0e-21,,"Amazon Deals, Gadgets & Electronics, Samsung, Today Deals, Online Shopping"
"Samsung Galaxy M17e 5G Mobile (Blitz Blue, 4GB RAM, 128GB Storage) | Smoothest 120 Hz Refres...",https://m.media-amazon.com/images/I/711NP4juOiL._SX679_.jpg,Best Deals on Amazon,,"Samsung Galaxy M17e 5G Mobile (Blitz Blue, 4GB RAM, 128GB Storage) | Smoothest 120 Hz Refresh Rate| Monster 6000 mAh Battery | IP54 | 6 Gen OS Upgrades | AI | Gemini Live | Without Charger | Now only ₹14,999 (12% OFF) on Amazon India! Rated 4.1★ (773+ reviews). Handpicked Gadgets & Electronics deal. Tap to buy on Amazon! #ad #AmazonDeals #BestDeals #TodayDeals #Samsung",https://www.amazon.in/dp/B0GN24SV22?tag=nagireddy0e-21,,"Amazon Deals, Gadgets & Electronics, Samsung, Today Deals, Online Shopping"
"iQOO Z11 Lite 44W 5G (Midnight Blue, 6GB RAM, 128GB Storage) | 6500mAh Battery with 44W Fast...",https://m.media-amazon.com/images/I/51fSAo9QtVL._SX679_.jpg,Best Deals on Amazon,,"iQOO Z11 Lite 44W 5G (Midnight Blue, 6GB RAM, 128GB Storage) | 6500mAh Battery with 44W Fast Charging* | Dimensity 6300 with 579k+ AnTuTu Score* | OriginOS 6.0 with AI Creation* & Private Space* | Now only ₹21,499 (44% OFF) on Amazon India! Rated 4★ (458+ reviews). Handpicked Gadgets & Electronics deal. Tap to buy on Amazon! #ad #AmazonDeals #BestDeals #TodayDeals #iQOO",https://www.amazon.in/dp/B0H1WVW8VY?tag=nagireddy0e-21,,"Amazon Deals, Gadgets & Electronics, iQOO, Today Deals, Online Shopping"
"iQOO Z11 Lite 44W 5G (Solar Flame, 4GB RAM, 128GB Storage) | 6500mAh Battery with 44W Fast C...",https://m.media-amazon.com/images/I/51CU7Fd2W-L._SX679_.jpg,Best Deals on Amazon,,"iQOO Z11 Lite 44W 5G (Solar Flame, 4GB RAM, 128GB Storage) | 6500mAh Battery with 44W Fast Charging* | Dimensity 6300 with 579k+ AnTuTu Score* | OriginOS 6.0 with AI Creation* & Private Space* | Now only ₹19,499 (43% OFF) on Amazon India! Rated 4★ (717+ reviews). Handpicked Gadgets & Electronics deal. Tap to buy on Amazon! #ad #AmazonDeals #BestDeals #TodayDeals #iQOO",https://www.amazon.in/dp/B0H1WY1D37?tag=nagireddy0e-21,,"Amazon Deals, Gadgets & Electronics, iQOO, Today Deals, Online Shopping"
LG 139 cms (55 inches) U8 AI Series 4K Ultra HD (3840 x 2160) Smart webOS LED TV 55NU870BPLA...,https://m.media-amazon.com/images/I/81IdR5bYsrL._SX679_.jpg,Best Deals on Amazon,,"LG 139 cms (55 inches) U8 AI Series 4K Ultra HD (3840 x 2160) Smart webOS LED TV 55NU870BPLA 2026 | Now only ₹42,990 (50% OFF) on Amazon India! Rated 3.9★ (512+ reviews). Handpicked Gadgets & Electronics deal. Tap to buy on Amazon! #ad #AmazonDeals #BestDeals #TodayDeals #LG",https://www.amazon.in/dp/B0GTZ8WM5W?tag=nagireddy0e-21,,"Amazon Deals, Gadgets & Electronics, LG, Today Deals, Online Shopping"
Lenovo LOQ 2025 Intel Core i7-13650HX | NVIDIA RTX 5050 8GB (16GB RAM/1TB SSD/144Hz Refresh ...,https://m.media-amazon.com/images/I/81xd71gmvmL._SX679_.jpg,Best Deals on Amazon,,"Lenovo LOQ 2025 Intel Core i7-13650HX | NVIDIA RTX 5050 8GB (16GB RAM/1TB SSD/144Hz Refresh Rate/440 AI TOPS/15.6"" (39.6cm)/Windows 11/Office 2024/3 Mon.Game Pass/Grey/2.4Kg), 83JE010SIN | Now only ₹1,29,990 (34% OFF) on Amazon India! Rated 5★ (2+ reviews). Handpicked Gadgets & Electronics deal. Tap to buy on Amazon! #ad #AmazonDeals #BestDeals #TodayDeals #Lenovo",https://www.amazon.in/dp/B0GYZ4NXDX?tag=nagireddy0e-21,,"Amazon Deals, Gadgets & Electronics, Lenovo, Today Deals, Online Shopping"
"Samsung Galaxy Z Fold8 Ultra 5G Smartphone with Galaxy AI (Cream, 12GB RAM, 256GB Storage), ...",https://m.media-amazon.com/images/I/71NBtHyrUYL._SX679_.jpg,Best Deals on Amazon,,"Samsung Galaxy Z Fold8 Ultra 5G Smartphone with Galaxy AI (Cream, 12GB RAM, 256GB Storage), Customised Processor, 5000mAh Battery, 200MP Camera, Now Nudge, Photo Assist | Now only ₹1,94,999 (13% OFF) on Amazon India! Rated 5★ (1+ reviews). Handpicked Gadgets & Electronics deal. Tap to buy on Amazon! #ad #AmazonDeals #BestDeals #TodayDeals #Samsung",https://www.amazon.in/dp/B0H6WFYFCW?tag=nagireddy0e-21,,"Amazon Deals, Gadgets & Electronics, Samsung, Today Deals, Online Shopping"
"Samsung Galaxy Z Fold8 Ultra 5G Smartphone with Galaxy AI (Violet Shadow, 12GB RAM, 256GB St...",https://m.media-amazon.com/images/I/71Ocpa1KaiL._SX679_.jpg,Best Deals on Amazon,,"Samsung Galaxy Z Fold8 Ultra 5G Smartphone with Galaxy AI (Violet Shadow, 12GB RAM, 256GB Storage) + Samsung Care Services Damage Protection Plan for 1 Year | Now only ₹2,02,998 (16% OFF) on Amazon India! Rated 5★ (19+ reviews). Handpicked Gadgets & Electronics deal. Tap to buy on Amazon! #ad #AmazonDeals #BestDeals #TodayDeals #Samsung",https://www.amazon.in/dp/B0HDQ66T6P?tag=nagireddy0e-21,,"Amazon Deals, Gadgets & Electronics, Samsung, Today Deals, Online Shopping"
"Samsung Galaxy Z Fold8 5G Smartphone with Galaxy AI (Lavender, 16GB RAM, 1TB Storage), All N...",https://m.media-amazon.com/images/I/71LVm2OIk0L._SX679_.jpg,Best Deals on Amazon,,"Samsung Galaxy Z Fold8 5G Smartphone with Galaxy AI (Lavender, 16GB RAM, 1TB Storage), All New Shape, Content Native Ratio, 4800mAh Battery, Dual 50MP Camera, Now Nudge, Photo Assist | Now only ₹2,34,999 (11% OFF) on Amazon India! Rated 5★ (1+ reviews). Handpicked Gadgets & Electronics deal. Tap to buy on Amazon! #ad #AmazonDeals #BestDeals #TodayDeals #Samsung",https://www.amazon.in/dp/B0H6WLQJNS?tag=nagireddy0e-21,,"Amazon Deals, Gadgets & Electronics, Samsung, Today Deals, Online Shopping"
"Samsung Galaxy Z Fold8 5G Smartphone with Galaxy AI (Cream, 12GB RAM, 256GB Storage) + Samsu...",https://m.media-amazon.com/images/I/71XgGXel0yL._SX679_.jpg,Best Deals on Amazon,,"Samsung Galaxy Z Fold8 5G Smartphone with Galaxy AI (Cream, 12GB RAM, 256GB Storage) + Samsung Care Services Damage Protection Plan for 1 Year | Now only ₹1,82,998 (17% OFF) on Amazon India! Rated 5★ (18+ reviews). Handpicked Gadgets & Electronics deal. Tap to buy on Amazon! #ad #AmazonDeals #BestDeals #TodayDeals #Samsung",https://www.amazon.in/dp/B0HDQPMVP6?tag=nagireddy0e-21,,"Amazon Deals, Gadgets & Electronics, Samsung, Today Deals, Online Shopping"
"Samsung Galaxy Z Fold8 5G Smartphone with Galaxy AI (Graphite, 12GB RAM, 256GB Storage) + Sa...",https://m.media-amazon.com/images/I/716Gr0umEaL._SX679_.jpg,Best Deals on Amazon,,"Samsung Galaxy Z Fold8 5G Smartphone with Galaxy AI (Graphite, 12GB RAM, 256GB Storage) + Samsung Care Services Damage Protection Plan for 1 Year | Now only ₹1,82,998 (17% OFF) on Amazon India! Rated 5★ (18+ reviews). Handpicked Gadgets & Electronics deal. Tap to buy on Amazon! #ad #AmazonDeals #BestDeals #TodayDeals #Samsung",https://www.amazon.in/dp/B0HDQ8N2PF?tag=nagireddy0e-21,,"Amazon Deals, Gadgets & Electronics, Samsung, Today Deals, Online Shopping"
"Samsung Galaxy S26 5G (Black, 12GB RAM, 256GB Storage), AI Phone, Photo Assist, Creative Stu...",https://m.media-amazon.com/images/I/71ju4kS-W8L._SX679_.jpg,Best Deals on Amazon,,"Samsung Galaxy S26 5G (Black, 12GB RAM, 256GB Storage), AI Phone, Photo Assist, Creative Studio, 50MP Camera with ProVisual Engine, Powerful Customized Processor and 4300mAh Battery | Now only ₹79,999 (32% OFF) on Amazon India! Rated 5★ (1+ reviews). Handpicked Gadgets & Electronics deal. Tap to buy on Amazon! #ad #AmazonDeals #BestDeals #TodayDeals #Samsung",https://www.amazon.in/dp/B0GL8BF2X2?tag=nagireddy0e-21,,"Amazon Deals, Gadgets & Electronics, Samsung, Today Deals, Online Shopping"
"Samsung Galaxy S26 5G (Cobalt Violet, 12GB RAM, 256GB Storage)_with Other Offers - ₹79,999 (...",https://m.media-amazon.com/images/I/615cGD-5efL._SX679_.jpg,Best Deals on Amazon,,"Samsung Galaxy S26 5G (Cobalt Violet, 12GB RAM, 256GB Storage)_with Other Offers | Now only ₹79,999 (18% OFF) on Amazon India! Rated 5★ (1+ reviews). Handpicked Gadgets & Electronics deal. Tap to buy on Amazon! #ad #AmazonDeals #BestDeals #TodayDeals #Samsung",https://www.amazon.in/dp/B0GL873FSD?tag=nagireddy0e-21,,"Amazon Deals, Gadgets & Electronics, Samsung, Today Deals, Online Shopping"
"Samsung Galaxy S26 5G (Sky Blue, 12GB RAM, 256GB Storage)_with Other Offers - ₹73,000 (26% OFF)",https://m.media-amazon.com/images/I/61CC3zY185L.jpg,Best Deals on Amazon,,"Samsung Galaxy S26 5G (Sky Blue, 12GB RAM, 256GB Storage)_with Other Offers | Now only ₹73,000 (26% OFF) on Amazon India! Rated 5★ (1+ reviews). Handpicked Gadgets & Electronics deal. Tap to buy on Amazon! #ad #AmazonDeals #BestDeals #TodayDeals #Samsung",https://www.amazon.in/dp/B0GL8LDFF4?tag=nagireddy0e-21,,"Amazon Deals, Gadgets & Electronics, Samsung, Today Deals, Online Shopping"
"Samsung Galaxy S26 5G (White, 12GB RAM, 256GB Storage)_with Other Offers - ₹79,000 (19% OFF)",https://m.media-amazon.com/images/I/51JOYLZAkvL._SX679_.jpg,Best Deals on Amazon,,"Samsung Galaxy S26 5G (White, 12GB RAM, 256GB Storage)_with Other Offers | Now only ₹79,000 (19% OFF) on Amazon India! Rated 5★ (1+ reviews). Handpicked Gadgets & Electronics deal. Tap to buy on Amazon! #ad #AmazonDeals #BestDeals #TodayDeals #Samsung",https://www.amazon.in/dp/B0GL8BYCVM?tag=nagireddy0e-21,,"Amazon Deals, Gadgets & Electronics, Samsung, Today Deals, Online Shopping"
"Samsung 108 cm (43 inches) FHD Smart LED TV UA43F5550FUXXL - ₹23,250 (15% OFF)",https://m.media-amazon.com/images/I/81wj0iahGCL._SX679_.jpg,Best Deals on Amazon,,"Samsung 108 cm (43 inches) FHD Smart LED TV UA43F5550FUXXL | Now only ₹23,250 (15% OFF) on Amazon India! Rated 4.2★ (1624+ reviews). Handpicked Gadgets & Electronics deal. Tap to buy on Amazon! #ad #AmazonDeals #BestDeals #TodayDeals #Samsung",https://www.amazon.in/dp/B0F84DKX8K?tag=nagireddy0e-21,,"Amazon Deals, Gadgets & Electronics, Samsung, Today Deals, Online Shopping"
"LG Smart Choice, 7 Kg, 5 Star, Steam, Inverter Direct Drive Technology, 6 Motion DD, Fully-A...",https://m.media-amazon.com/images/I/71eK2re3BPL._SY879_.jpg,Best Deals on Amazon,,"LG Smart Choice, 7 Kg, 5 Star, Steam, Inverter Direct Drive Technology, 6 Motion DD, Fully-Automatic Front Load Washing Machine (FHB1207Z2W, Remove Allergens & Stain, In-Built Heater, Essence White) | Now only ₹26,990 (36% OFF) on Amazon India! Rated 4.2★ (1590+ reviews). Handpicked Gadgets & Electronics deal. Tap to buy on Amazon! #ad #AmazonDeals #BestDeals #TodayDeals #LG",https://www.amazon.in/dp/B0F4QQVV1L?tag=nagireddy0e-21,,"Amazon Deals, Gadgets & Electronics, LG, Today Deals, Online Shopping"
"Samsung Galaxy Tab S10 Lite Tablet with AI & S Pen - ₹30,999 (47% OFF)",https://m.media-amazon.com/images/I/61lUUj0KWwL._SX679_.jpg,Best Deals on Amazon,,"Samsung Galaxy Tab S10 Lite Tablet with AI & S Pen | Now only ₹30,999 (47% OFF) on Amazon India! Rated 4.3★ (75+ reviews). Handpicked Gadgets & Electronics deal. Tap to buy on Amazon! #ad #AmazonDeals #BestDeals #TodayDeals #Samsung",https://www.amazon.in/dp/B0FNWQWY2G?tag=nagireddy0e-21,,"Amazon Deals, Gadgets & Electronics, Samsung, Today Deals, Online Shopping"
"Sony HT-S40R Real 5.1ch Dolby Audio Soundbar for TV with Subwoofer & Wireless Rear Speakers,...",https://m.media-amazon.com/images/I/51m4NsZau4L._SX679_.jpg,Best Deals on Amazon,,"Sony HT-S40R Real 5.1ch Dolby Audio Soundbar for TV with Subwoofer & Wireless Rear Speakers, 5.1ch Home Theatre System (600W, Bluetooth & USB Connectivity, HDMI & Optical Connectivity, Sound Mode) Price: Buy Sony HT-S40R Real 5.1ch Dolby Audio Soundbar for TV with Subwoofer & Wireless Rear Speakers, 5.1ch Home Theatre System (600W, Bluetooth & USB Connectivity, HDMI & Optical Connectivity, Sound Mode) Online in India | Now only ₹23,989 (31% OFF) on Amazon India! Rated 4.6★ (9+ reviews). Handpicked Gadgets & Electronics deal. Tap to buy on Amazon! #ad #AmazonDeals #BestDeals #TodayDeals #Sony",https://www.amazon.in/dp/B0961X3R2H?tag=nagireddy0e-21,,"Amazon Deals, Gadgets & Electronics, Sony, Today Deals, Online Shopping"
"Nothing Phone (4b), Blue (8GB, 128GB) - ₹32,546 (41% OFF)",https://m.media-amazon.com/images/I/61S6KnloSvL._SX679_.jpg,Best Deals on Amazon,,"Nothing Phone (4b), Blue (8GB, 128GB) | Now only ₹32,546 (41% OFF) on Amazon India! Rated 4.2★ (227+ reviews). Handpicked Gadgets & Electronics deal. Tap to buy on Amazon! #ad #AmazonDeals #BestDeals #TodayDeals #Nothing",https://www.amazon.in/dp/B0H8Y2FFDN?tag=nagireddy0e-21,,"Amazon Deals, Gadgets & Electronics, Nothing, Today Deals, Online Shopping"
"Nothing Phone (4b), White (8GB, 128GB) - ₹31,789 (42% OFF)",https://m.media-amazon.com/images/I/51gtdr2AaoL._SX679_.jpg,Best Deals on Amazon,,"Nothing Phone (4b), White (8GB, 128GB) | Now only ₹31,789 (42% OFF) on Amazon India! Rated 4.2★ (227+ reviews). Handpicked Gadgets & Electronics deal. Tap to buy on Amazon! #ad #AmazonDeals #BestDeals #TodayDeals #Nothing",https://www.amazon.in/dp/B0H8PRXFLY?tag=nagireddy0e-21,,"Amazon Deals, Gadgets & Electronics, Nothing, Today Deals, Online Shopping"
"Sony 139 cm (55 inches) BRAVIA 3II Ultra HD Smart LED Google TV K-55XR30M2 - ₹84,990 (43% OFF)",https://m.media-amazon.com/images/I/81RcqhwhgcL._SX679_.jpg,Best Deals on Amazon,,"Sony 139 cm (55 inches) BRAVIA 3II Ultra HD Smart LED Google TV K-55XR30M2 | Now only ₹84,990 (43% OFF) on Amazon India! Rated 5★ (3+ reviews). Handpicked Gadgets & Electronics deal. Tap to buy on Amazon! #ad #AmazonDeals #BestDeals #TodayDeals #Sony",https://www.amazon.in/dp/B0GY3JRP3X?tag=nagireddy0e-21,,"Amazon Deals, Gadgets & Electronics, Sony, Today Deals, Online Shopping"
"Bosch 9 kg 5 Star Front Load Fully-Automatic Washing Machine, AI ActiveWater, 14 Wash Progra...",https://m.media-amazon.com/images/I/61CWEp9lQ-L._SX679_.jpg,Best Deals on Amazon,,"Bosch 9 kg 5 Star Front Load Fully-Automatic Washing Machine, AI ActiveWater, 14 Wash Programs, Removes 99.9% Germs with Steam, No Tangle or Wrinkle, SoftCare Paddle,Zero Vibration, White, WGA14200IN | Now only ₹33,490 (45% OFF) on Amazon India! Rated 4.2★ (679+ reviews). Handpicked Gadgets & Electronics deal. Tap to buy on Amazon! #ad #AmazonDeals #BestDeals #TodayDeals #Bosch",https://www.amazon.in/dp/B0D41L64NR?tag=nagireddy0e-21,,"Amazon Deals, Gadgets & Electronics, Bosch, Today Deals, Online Shopping"
"Sony FX3A Cinema Line Full-Frame Camera - ₹3,55,990 (11% OFF)",https://m.media-amazon.com/images/I/61rz5Vvo3eL._SX679_.jpg,Best Deals on Amazon,,"Sony FX3A Cinema Line Full-Frame Camera | Now only ₹3,55,990 (11% OFF) on Amazon India! Rated 4.4★ (1000+ reviews). Handpicked Gadgets & Electronics deal. Tap to buy on Amazon! #ad #AmazonDeals #BestDeals #TodayDeals #Sony",https://www.amazon.in/dp/B0FH9VCKPS?tag=nagireddy0e-21,,"Amazon Deals, Gadgets & Electronics, Sony, Today Deals, Online Shopping"
"OnePlus Nord Buds 3r TWS Earbuds up to 54 Hours Playback, 2-mic Clear Calls, 3D Spatial Audi...",https://m.media-amazon.com/images/I/51nBTTG3hNL._SX679_.jpg,Best Deals on Amazon,,"OnePlus Nord Buds 3r TWS Earbuds up to 54 Hours Playback, 2-mic Clear Calls, 3D Spatial Audio, AI Translation, 12.4mm Drivers, Dual-Device Connectivity, 47ms Low Latency - Ash Black | Now only ₹1,767 (12% OFF) on Amazon India! Rated 4★ (1339+ reviews). Handpicked Gadgets & Electronics deal. Tap to buy on Amazon! #ad #AmazonDeals #BestDeals #TodayDeals #OnePlus",https://www.amazon.in/dp/B0FMDL81GS?tag=nagireddy0e-21,,"Amazon Deals, Gadgets & Electronics, OnePlus, Today Deals, Online Shopping"
"OnePlus Nord Buds 3r TWS Earbuds up to 54 Hours Playback, 2-mic Clear Calls, 3D Spatial Audi...",https://m.media-amazon.com/images/I/61nFKgi0qPL._SX679_.jpg,Best Deals on Amazon,,"OnePlus Nord Buds 3r TWS Earbuds up to 54 Hours Playback, 2-mic Clear Calls, 3D Spatial Audio, AI Translation, 12.4mm Drivers, Dual-Device Connectivity, 47ms Low Latency - Aura Blue | Now only ₹1,799 (10% OFF) on Amazon India! Rated 4★ (1814+ reviews). Handpicked Gadgets & Electronics deal. Tap to buy on Amazon! #ad #AmazonDeals #BestDeals #TodayDeals #OnePlus",https://www.amazon.in/dp/B0FMDLD86P?tag=nagireddy0e-21,,"Amazon Deals, Gadgets & Electronics, OnePlus, Today Deals, Online Shopping"
"OnePlus Nord Buds 2r True Wireless in Ear Earbuds with Mic, 12.4mm Drivers, Playback:Upto 38...",https://m.media-amazon.com/images/I/51raakZN9fL._SX679_.jpg,Best Deals on Amazon,,"OnePlus Nord Buds 2r True Wireless in Ear Earbuds with Mic, 12.4mm Drivers, Playback:Upto 38hr case,4-Mic Design, IP55 Rating [ Misty Grey ] | Now only ₹2,999 (50% OFF) on Amazon India! Rated 3.8★ (976+ reviews). Handpicked Gadgets & Electronics deal. Tap to buy on Amazon! #ad #AmazonDeals #BestDeals #TodayDeals #OnePlus",https://www.amazon.in/dp/B0C8J7W6PL?tag=nagireddy0e-21,,"Amazon Deals, Gadgets & Electronics, OnePlus, Today Deals, Online Shopping"
"Lenovo Idea Tab Smartchoice 11"" 2.5K Tablet - ₹25,999 (7% OFF)",https://m.media-amazon.com/images/I/81CHfgepnEL._SX679_.jpg,Best Deals on Amazon,,"Lenovo Idea Tab Smartchoice 11"" 2.5K Tablet | Now only ₹25,999 (7% OFF) on Amazon India! Rated 3.6★ (5+ reviews). Handpicked Gadgets & Electronics deal. Tap to buy on Amazon! #ad #AmazonDeals #BestDeals #TodayDeals #Lenovo",https://www.amazon.in/dp/B0FJG1Y79K?tag=nagireddy0e-21,,"Amazon Deals, Gadgets & Electronics, Lenovo, Today Deals, Online Shopping"
"iQOO Z11 Lite 44W 5G (Midnight Blue, 4GB RAM, 128GB Storage) | 6500mAh Battery with 44W Fast...",https://m.media-amazon.com/images/I/51fSAo9QtVL._SX679_.jpg,Best Deals on Amazon,,"iQOO Z11 Lite 44W 5G (Midnight Blue, 4GB RAM, 128GB Storage) | 6500mAh Battery with 44W Fast Charging* | Dimensity 6300 with 579k+ AnTuTu Score* | OriginOS 6.0 with AI Creation* & Private Space* | Now only ₹19,499 (43% OFF) on Amazon India! Rated 4★ (717+ reviews). Handpicked Gadgets & Electronics deal. Tap to buy on Amazon! #ad #AmazonDeals #BestDeals #TodayDeals #iQOO",https://www.amazon.in/dp/B0H1WXCRHT?tag=nagireddy0e-21,,"Amazon Deals, Gadgets & Electronics, iQOO, Today Deals, Online Shopping"
"Bosch 9 kg 5 Star Front Load Fully-Automatic Washing Machine, AI ActiveWater, 14 Wash Progra...",https://m.media-amazon.com/images/I/61OItW9y8+L._SX679_.jpg,Best Deals on Amazon,,"Bosch 9 kg 5 Star Front Load Fully-Automatic Washing Machine, AI ActiveWater, 14 Wash Programs, Removes 99.9% Germs with Steam, No Tangle or Wrinkle, SoftCare Paddle, Black Grey, WGA1420TIN | Now only ₹37,889 (37% OFF) on Amazon India! Rated 4.2★ (679+ reviews). Handpicked Gadgets & Electronics deal. Tap to buy on Amazon! #ad #AmazonDeals #BestDeals #TodayDeals #Bosch",https://www.amazon.in/dp/B0D22WV22C?tag=nagireddy0e-21,,"Amazon Deals, Gadgets & Electronics, Bosch, Today Deals, Online Shopping"
"Samsung 55 inches Mini LED 4K Samsung Vision AI Smart TV UA55M2EHAULXL - ₹46,990 (22% OFF)",https://m.media-amazon.com/images/I/81Akj2iQo+L._SX679_.jpg,Best Deals on Amazon,,"Samsung 55 inches Mini LED 4K Samsung Vision AI Smart TV UA55M2EHAULXL | Now only ₹46,990 (22% OFF) on Amazon India! Rated 4.1★ (512+ reviews). Handpicked Gadgets & Electronics deal. Tap to buy on Amazon! #ad #AmazonDeals #BestDeals #TodayDeals #Samsung",https://www.amazon.in/dp/B0GXV5313B?tag=nagireddy0e-21,,"Amazon Deals, Gadgets & Electronics, Samsung, Today Deals, Online Shopping"
"DJI Osmo Action 4 Standard Combo Waterproof Action Camera - ₹21,990 (51% OFF)",https://m.media-amazon.com/images/I/71wlB2kVc+L._SX679_.jpg,Best Deals on Amazon,,"DJI Osmo Action 4 Standard Combo Waterproof Action Camera | Now only ₹21,990 (51% OFF) on Amazon India! Rated 4.4★ (71+ reviews). Handpicked Gadgets & Electronics deal. Tap to buy on Amazon! #ad #AmazonDeals #BestDeals #TodayDeals #DJI",https://www.amazon.in/dp/B0C783YNW7?tag=nagireddy0e-21,,"Amazon Deals, Gadgets & Electronics, DJI, Today Deals, Online Shopping"
"Samsung 7 kg Fully-Automatic Top Load Washing Machine - ₹17,490 (22% OFF)",https://m.media-amazon.com/images/I/61VIxP7yU1L._SY879_.jpg,Best Deals on Amazon,,"Samsung 7 kg Fully-Automatic Top Load Washing Machine | Now only ₹17,490 (22% OFF) on Amazon India! Rated 4.2★ (534+ reviews). Handpicked Gadgets & Electronics deal. Tap to buy on Amazon! #ad #AmazonDeals #BestDeals #TodayDeals #Samsung",https://www.amazon.in/dp/B0B8NHX62W?tag=nagireddy0e-21,,"Amazon Deals, Gadgets & Electronics, Samsung, Today Deals, Online Shopping"
"OnePlus Bullets Wireless Z2 ANC Bluetooth in Ear Earphones with Mic, 45dB Hybrid ANC, Bombas...",https://m.media-amazon.com/images/I/51sZ0bOotML._SX679_.jpg,Best Deals on Amazon,,"OnePlus Bullets Wireless Z2 ANC Bluetooth in Ear Earphones with Mic, 45dB Hybrid ANC, Bombastic Bass - 12.4 mm Drivers, 10 Mins Charge - 20 Hrs Music, 28 Hrs Battery (Booming Black) | Now only ₹2,099 (9% OFF) on Amazon India! Rated 3.7★ (482+ reviews). Handpicked Gadgets & Electronics deal. Tap to buy on Amazon! #ad #AmazonDeals #BestDeals #TodayDeals #OnePlus",https://www.amazon.in/dp/B0CBTTCJL6?tag=nagireddy0e-21,,"Amazon Deals, Gadgets & Electronics, OnePlus, Today Deals, Online Shopping"
"OnePlus Bullets Wireless Z3 in-Ear Neckband with 12.4mm Drivers, 3D Spatial Audio,10 mins Ch...",https://m.media-amazon.com/images/I/51IorIBvbKL._SX679_.jpg,Best Deals on Amazon,,"OnePlus Bullets Wireless Z3 in-Ear Neckband with 12.4mm Drivers, 3D Spatial Audio,10 mins Charge for 27 hrs Playback, AI Call Noise Cancellation, 4 EQ preset, Dynamic bass Enhancement & BT5.4 | Now only ₹1,799 (10% OFF) on Amazon India! Rated 4.1★ (94080+ reviews). Handpicked Gadgets & Electronics deal. Tap to buy on Amazon! #ad #AmazonDeals #BestDeals #TodayDeals #OnePlus",https://www.amazon.in/dp/B0FBRGQ7PM?tag=nagireddy0e-21,,"Amazon Deals, Gadgets & Electronics, OnePlus, Today Deals, Online Shopping"
"OnePlus Bullets Wireless Z3 in-Ear Neckband with 12.4mm Drivers, 3D Spatial Audio,10 mins Ch...",https://m.media-amazon.com/images/I/51vT4GzBObL._SX679_.jpg,Best Deals on Amazon,,"OnePlus Bullets Wireless Z3 in-Ear Neckband with 12.4mm Drivers, 3D Spatial Audio,10 mins Charge for 27 hrs Playback, 4 EQ preset, Dynamic bass Enhancement & BT5.4 | Now only ₹1,757 (12% OFF) on Amazon India! Rated 3.9★ (3082+ reviews). Handpicked Gadgets & Electronics deal. Tap to buy on Amazon! #ad #AmazonDeals #BestDeals #TodayDeals #OnePlus",https://www.amazon.in/dp/B0FBRGKXHG?tag=nagireddy0e-21,,"Amazon Deals, Gadgets & Electronics, OnePlus, Today Deals, Online Shopping"
Aquaguard Delight Aquasaver RO+UV+UF+MC Tech | 2-year filter life | With Mega Sediment filte...,https://m.media-amazon.com/images/I/51J9yKE61vL._SX522_.jpg,Best Deals on Amazon,,"Aquaguard Delight Aquasaver RO+UV+UF+MC Tech | 2-year filter life | With Mega Sediment filter | 2 Free cleaning service | 60% Higher Water Recovery | 9-Stage Purification | India’s No.1 Purifier* | Now only ₹10,999 (58% OFF) on Amazon India! Rated 4.1★ (226+ reviews). Handpicked Gadgets & Electronics deal. Tap to buy on Amazon! #ad #AmazonDeals #BestDeals #TodayDeals #Aquaguard",https://www.amazon.in/dp/B0F5PXXWM9?tag=nagireddy0e-21,,"Amazon Deals, Gadgets & Electronics, Aquaguard, Today Deals, Online Shopping"
MILTON Comet 1000 ISI Certified Stainless Steel Water Bottle I Leak Proof I Rust proof I Sin...,https://m.media-amazon.com/images/I/31MUkzBLAwL._SX679_.jpg,Best Deals on Amazon,,"MILTON Comet 1000 ISI Certified Stainless Steel Water Bottle I Leak Proof I Rust proof I Single Walled I Ideal for Office, School, Home, Gym, 1000 ml, Light Blue & Dark Blue | Now only ₹249 (45% OFF) on Amazon India! Rated 3.8★ (49445+ reviews). Handpicked Home & Kitchen Essentials deal. Tap to buy on Amazon! #ad #AmazonDeals #BestDeals #TodayDeals #MILTON",https://www.amazon.in/dp/B0FYGBK5DZ?tag=nagireddy0e-21,,"Amazon Deals, Home & Kitchen Essentials, MILTON, Today Deals, Online Shopping"
eCraftIndia Set of 2 Purple Floral & Pearl Designer Rakhis - ₹149 (73% OFF),https://m.media-amazon.com/images/I/91XP7+1MxML._SY695_.jpg,Best Deals on Amazon,,eCraftIndia Set of 2 Purple Floral & Pearl Designer Rakhis | Now only ₹149 (73% OFF) on Amazon India! Rated 4.3★ (244+ reviews). Handpicked Gadgets & Electronics deal. Tap to buy on Amazon! #ad #AmazonDeals #BestDeals #TodayDeals #eCraftIndia,https://www.amazon.in/dp/B0CFFRBSGG?tag=nagireddy0e-21,,"Amazon Deals, Gadgets & Electronics, eCraftIndia, Today Deals, Online Shopping"
"Buy NutriPro Juicer Mixer Grinder - Smoothie Maker - 500 Watts (2 Jars & 1 Blade, Silver) - ...",https://m.media-amazon.com/images/I/71rH4vEE4nL._SX679_.jpg,Best Deals on Amazon,,"Buy NutriPro Juicer Mixer Grinder - Smoothie Maker - 500 Watts (2 Jars & 1 Blade, Silver) - 2 Year Warranty Online at Low Prices in India | Now only ₹1,599 (68% OFF) on Amazon India! Rated 4.6★ (161+ reviews). Handpicked Home & Kitchen Essentials deal. Tap to buy on Amazon! #ad #AmazonDeals #BestDeals #TodayDeals #Buy",https://www.amazon.in/dp/B09J2T124D?tag=nagireddy0e-21,,"Amazon Deals, Home & Kitchen Essentials, Buy, Today Deals, Online Shopping"
Milton Rapid Electric Kettle 1.8L | 1500 Watts | Stainless Steel Hot Water portable Electric...,https://m.media-amazon.com/images/I/51lYFOP2mUL._SX679_.jpg,Best Deals on Amazon,,"Milton Rapid Electric Kettle 1.8L | 1500 Watts | Stainless Steel Hot Water portable Electric Kettle for Home, Office | Auto Shut-Off with Wide Mouth | Cool-touch Handle and Single-Touch Lid Lock | Now only ₹649 (57% OFF) on Amazon India! Rated 4.5★ (316+ reviews). Handpicked Home & Kitchen Essentials deal. Tap to buy on Amazon! #ad #AmazonDeals #BestDeals #TodayDeals #Milton",https://www.amazon.in/dp/B0F54GKQ38?tag=nagireddy0e-21,,"Amazon Deals, Home & Kitchen Essentials, Milton, Today Deals, Online Shopping"
"Zulaxy Photo Frame Hooks for Wall Without Drilling, 10 Pack Self Adhesive Hooks for Wall Hea...",https://m.media-amazon.com/images/I/61WnmpLwAQL._SX679_.jpg,Best Deals on Amazon,,"Zulaxy Photo Frame Hooks for Wall Without Drilling, 10 Pack Self Adhesive Hooks for Wall Heavy Duty Strong Nail Free for Hanging Photo Frame (Hanging Hook, Transparent) Stainless Steel | Now only ₹267 (79% OFF) on Amazon India! Rated 4★ (2488+ reviews). Handpicked Gadgets & Electronics deal. Tap to buy on Amazon! #ad #AmazonDeals #BestDeals #TodayDeals #Zulaxy",https://www.amazon.in/dp/B0CCM8L54V?tag=nagireddy0e-21,,"Amazon Deals, Gadgets & Electronics, Zulaxy, Today Deals, Online Shopping"
Buy Amazon Brand - Presto! Garbage Bags | Small | 180 Count | 30 Bags X 6 Rolls | 17 X 19 In...,"https://m.media-amazon.com/images/I/613NiEOHPgL._SX679_PIbundle-6,TopRight,0,0_AA679SH20_.jpg",Best Deals on Amazon,,Buy Amazon Brand - Presto! Garbage Bags | Small | 180 Count | 30 Bags X 6 Rolls | 17 X 19 Inches | For Dry & Wet Waste | Black Online at Low Prices in India | Now only ₹275 (49% OFF) on Amazon India! Rated 4.4★ (1000+ reviews). Handpicked Gadgets & Electronics deal. Tap to buy on Amazon! #ad #AmazonDeals #BestDeals #TodayDeals #Buy,https://www.amazon.in/dp/B0821PKWBW?tag=nagireddy0e-21,,"Amazon Deals, Gadgets & Electronics, Buy, Today Deals, Online Shopping"
Buy eCraftIndia Green & Golden Om & Peacock Feather Religious Designer Rakhi with Roli Chawa...,https://m.media-amazon.com/images/I/61BZUjUDo1L._SX679_.jpg,Best Deals on Amazon,,"Buy eCraftIndia Green & Golden Om & Peacock Feather Religious Designer Rakhi with Roli Chawal Pack and Best Bro Ever Fridge Magnet - Rakhi for Brother, Bhaiya, Bhai Online at Low Prices in India | Now only ₹139 (69% OFF) on Amazon India! Rated 4.4★ (417+ reviews). Handpicked Gadgets & Electronics deal. Tap to buy on Amazon! #ad #AmazonDeals #BestDeals #TodayDeals #Buy",https://www.amazon.in/dp/B0CFFPB6Y4?tag=nagireddy0e-21,,"Amazon Deals, Gadgets & Electronics, Buy, Today Deals, Online Shopping"
"Portronics Conch Theta C in Ear Type C Wired Earphones with in Line HD Mic, Powerful Audio, ...",https://m.media-amazon.com/images/I/51GGwjwSr0L._SX679_.jpg,Best Deals on Amazon,,"Portronics Conch Theta C in Ear Type C Wired Earphones with in Line HD Mic, Powerful Audio, 14.2mm Driver, Unique Earbuds Design, TPE Anti Tangle Wire, in line Controls, Wide Compatibility(White) | Now only ₹303 (62% OFF) on Amazon India! Rated 3.8★ (587+ reviews). Handpicked Gadgets & Electronics deal. Tap to buy on Amazon! #ad #AmazonDeals #BestDeals #TodayDeals #Portronics",https://www.amazon.in/dp/B0DDHM6D3L?tag=nagireddy0e-21,,"Amazon Deals, Gadgets & Electronics, Portronics, Today Deals, Online Shopping"
boAt Bassheads 100 in Ear Wired Earphones with Mic(Black) - ₹287 (71% OFF),https://m.media-amazon.com/images/I/513ugd16C6L._SX679_.jpg,Best Deals on Amazon,,boAt Bassheads 100 in Ear Wired Earphones with Mic(Black) | Now only ₹287 (71% OFF) on Amazon India! Rated 3.7★ (587+ reviews). Handpicked Gadgets & Electronics deal. Tap to buy on Amazon! #ad #AmazonDeals #BestDeals #TodayDeals #boAt,https://www.amazon.in/dp/B071Z8M4KX?tag=nagireddy0e-21,,"Amazon Deals, Gadgets & Electronics, boAt, Today Deals, Online Shopping"
Pikkme Flip Cover Leather Finish | Inside TPU with Card Pockets | Wallet Stand and Shock Pro...,https://m.media-amazon.com/images/I/71rWAsKgNlL._SX679_.jpg,Best Deals on Amazon,,Pikkme Flip Cover Leather Finish | Inside TPU with Card Pockets | Wallet Stand and Shock Proof | Complete Protection Flip Case for Redmi 12 5G / Poco M6 Pro 5G(Blue) | Now only ₹199 (80% OFF) on Amazon India! Rated 4★ (4+ reviews). Handpicked Gadgets & Electronics deal. Tap to buy on Amazon! #ad #AmazonDeals #BestDeals #TodayDeals #Pikkme,https://www.amazon.in/dp/B0CF1M3PF9?tag=nagireddy0e-21,,"Amazon Deals, Gadgets & Electronics, Pikkme, Today Deals, Online Shopping"
Dyazo Aluminum Ergonomic Foldable Portable Laptop/Desktop Riser Stand - ₹389 (81% OFF),https://m.media-amazon.com/images/I/61kBmC8NfGL._SX679_.jpg,Best Deals on Amazon,,Dyazo Aluminum Ergonomic Foldable Portable Laptop/Desktop Riser Stand | Now only ₹389 (81% OFF) on Amazon India! Rated 4.2★ (1000+ reviews). Handpicked Gadgets & Electronics deal. Tap to buy on Amazon! #ad #AmazonDeals #BestDeals #TodayDeals #Dyazo,https://www.amazon.in/dp/B08LHTJTBB?tag=nagireddy0e-21,,"Amazon Deals, Gadgets & Electronics, Dyazo, Today Deals, Online Shopping"
Presto! Garbage Bags Medium 19 X 21 Inches Black - ₹325 (29% OFF),https://m.media-amazon.com/images/I/61fn1xtHO4L._SX679_.jpg,Best Deals on Amazon,,Presto! Garbage Bags Medium 19 X 21 Inches Black | Now only ₹325 (29% OFF) on Amazon India! Rated 4.4★ (1000+ reviews). Handpicked Gadgets & Electronics deal. Tap to buy on Amazon! #ad #AmazonDeals #BestDeals #TodayDeals #Presto,https://www.amazon.in/dp/B0821PN8L4?tag=nagireddy0e-21,,"Amazon Deals, Gadgets & Electronics, Presto!, Today Deals, Online Shopping"
JIALTO Plastic 10 Pcs Self Adhesive Wall Hooks - Heavy Duty Transparent Hook for Photo Frame...,https://m.media-amazon.com/images/I/61mZOuW2-NL._SX679_.jpg,Best Deals on Amazon,,"JIALTO Plastic 10 Pcs Self Adhesive Wall Hooks - Heavy Duty Transparent Hook for Photo Frames, Wall Clocks, Keys - No Damage, Easy Installation | Now only ₹90 (91% OFF) on Amazon India! Rated 4.1★ (42534+ reviews). Handpicked Gadgets & Electronics deal. Tap to buy on Amazon! #ad #AmazonDeals #BestDeals #TodayDeals #JIALTO",https://www.amazon.in/dp/B0CMTXKDM4?tag=nagireddy0e-21,,"Amazon Deals, Gadgets & Electronics, JIALTO, Today Deals, Online Shopping"
Amazon Basics 3-Way Foldable Cloth Drying Stand – Lightweight Mild Steel Collapsible Rack wi...,https://m.media-amazon.com/images/I/41GGKSfW2fL.jpg,Best Deals on Amazon,,"Amazon Basics 3-Way Foldable Cloth Drying Stand – Lightweight Mild Steel Collapsible Rack with 20 Rails & 42 Ft Rack Length (Silver) | Now only ₹1,175 (61% OFF) on Amazon India! Rated 4★ (714+ reviews). Handpicked Gadgets & Electronics deal. Tap to buy on Amazon! #ad #AmazonDeals #BestDeals #TodayDeals #Amazon",https://www.amazon.in/dp/B0FWRLQND8?tag=nagireddy0e-21,,"Amazon Deals, Gadgets & Electronics, Amazon, Today Deals, Online Shopping"
Buy Trance 100% Waterproof Mattress Protector for Double Bed King Size 78x72 Inches | Elasti...,https://m.media-amazon.com/images/I/61Mx6KEz3QL._SX679_.jpg,Best Deals on Amazon,,Buy Trance 100% Waterproof Mattress Protector for Double Bed King Size 78x72 Inches | Elastic Fitted with 360° Lycra Stretch | Grey (78x72 Inches | Fits Upto 10 Inches Mattresses | King Size) Online at Low Prices in India | Now only ₹669 (48% OFF) on Amazon India! Rated 4.2★ (2917+ reviews). Handpicked Gadgets & Electronics deal. Tap to buy on Amazon! #ad #AmazonDeals #BestDeals #TodayDeals #Buy,https://www.amazon.in/dp/B01A57IV58?tag=nagireddy0e-21,,"Amazon Deals, Gadgets & Electronics, Buy, Today Deals, Online Shopping"
Homestrap Set of 6 Non-Woven Saree Cover/Wardrobe Organizer - ₹349 (20% OFF),https://m.media-amazon.com/images/I/81S6wB9CjnL._SX679_.jpg,Best Deals on Amazon,,Homestrap Set of 6 Non-Woven Saree Cover/Wardrobe Organizer | Now only ₹349 (20% OFF) on Amazon India! Rated 4.2★ (769+ reviews). Handpicked Gadgets & Electronics deal. Tap to buy on Amazon! #ad #AmazonDeals #BestDeals #TodayDeals #Homestrap,https://www.amazon.in/dp/B08LQRXXNB?tag=nagireddy0e-21,,"Amazon Deals, Gadgets & Electronics, Homestrap, Today Deals, Online Shopping"
Milton Aura 1000 Thermosteel Water Bottle - ₹842 (34% OFF),https://m.media-amazon.com/images/I/61PmYXWdiBL._SX679_.jpg,Best Deals on Amazon,,Milton Aura 1000 Thermosteel Water Bottle | Now only ₹842 (34% OFF) on Amazon India! Rated 4.1★ (24388+ reviews). Handpicked Home & Kitchen Essentials deal. Tap to buy on Amazon! #ad #AmazonDeals #BestDeals #TodayDeals #Milton,https://www.amazon.in/dp/B0B4RZX4YN?tag=nagireddy0e-21,,"Amazon Deals, Home & Kitchen Essentials, Milton, Today Deals, Online Shopping"
Misamo Enterprise Glass Oil Sprayer and Dispenser Bottle - ₹249 (64% OFF),https://m.media-amazon.com/images/I/713+2UPOISL._SX679_.jpg,Best Deals on Amazon,,Misamo Enterprise Glass Oil Sprayer and Dispenser Bottle | Now only ₹249 (64% OFF) on Amazon India! Rated 3.9★ (5674+ reviews). Handpicked Gadgets & Electronics deal. Tap to buy on Amazon! #ad #AmazonDeals #BestDeals #TodayDeals #Misamo,https://www.amazon.in/dp/B0DH4WS3B4?tag=nagireddy0e-21,,"Amazon Deals, Gadgets & Electronics, Misamo, Today Deals, Online Shopping"
PEXPO Water Bottle 1 ltr Stainless Steel Sports/Fridge Bottle - ₹269 (59% OFF),https://m.media-amazon.com/images/I/61435H5vJKL._SX679_.jpg,Best Deals on Amazon,,PEXPO Water Bottle 1 ltr Stainless Steel Sports/Fridge Bottle | Now only ₹269 (59% OFF) on Amazon India! Rated 3.9★ (6326+ reviews). Handpicked Home & Kitchen Essentials deal. Tap to buy on Amazon! #ad #AmazonDeals #BestDeals #TodayDeals #PEXPO,https://www.amazon.in/dp/B0DRCT1MTK?tag=nagireddy0e-21,,"Amazon Deals, Home & Kitchen Essentials, PEXPO, Today Deals, Online Shopping"
"boAt 2026 Launch Airdopes Joy v2, 35H Battery, Pocketable Design, ASAP™ Charge, 13mm Drivers...",https://m.media-amazon.com/images/I/514jLzHX86L._SX679_.jpg,Best Deals on Amazon,,"boAt 2026 Launch Airdopes Joy v2, 35H Battery, Pocketable Design, ASAP™ Charge, 13mm Drivers, Easy Touch Controls, ENx™ Tech, IWP™ & App Support TWS Bluetooth Earbuds with mic (Dusty Rose) | Now only ₹799 (77% OFF) on Amazon India! Rated 4★ (1520+ reviews). Handpicked Gadgets & Electronics deal. Tap to buy on Amazon! #ad #AmazonDeals #BestDeals #TodayDeals #boAt",https://www.amazon.in/dp/B0GZNHB218?tag=nagireddy0e-21,,"Amazon Deals, Gadgets & Electronics, boAt, Today Deals, Online Shopping"
"boAt Bassheads 300C Wired Earphones,Type-C Jack, 10mm Drivers, Signature Sound, in-Line Micr...",https://m.media-amazon.com/images/I/51sxI5xpalL._SX679_.jpg,Best Deals on Amazon,,"boAt Bassheads 300C Wired Earphones,Type-C Jack, 10mm Drivers, Signature Sound, in-Line Microphone, Integrated Controls, Voice Assistant & 120cm Cable (Active Black) | Now only ₹449 (55% OFF) on Amazon India! Rated 3.9★ (3140+ reviews). Handpicked Gadgets & Electronics deal. Tap to buy on Amazon! #ad #AmazonDeals #BestDeals #TodayDeals #boAt",https://www.amazon.in/dp/B0FM38916Y?tag=nagireddy0e-21,,"Amazon Deals, Gadgets & Electronics, boAt, Today Deals, Online Shopping"
OnePlus N6 | 6GB+128GB | Midnight Green | Segment&#x27;s Biggest 8000mAh Battery | Segment&#...,https://m.media-amazon.com/images/I/61f5ZCuSD6L._SX679_.jpg,Best Deals on Amazon,,"OnePlus N6 | 6GB+128GB | Midnight Green | Segment&#x27;s Biggest 8000mAh Battery | Segment&#x27;s Fastest 45W Charging | 60-Month Smoothness | Smooth 120Hz Display | 50MP Camera | Military-Grade Durability | Now only ₹24,998 (26% OFF) on Amazon India! Rated 4★ (458+ reviews). Handpicked Gadgets & Electronics deal. Tap to buy on Amazon! #ad #AmazonDeals #BestDeals #TodayDeals #OnePlus",https://www.amazon.in/dp/B0H3LKPC2K?tag=nagireddy0e-21,,"Amazon Deals, Gadgets & Electronics, OnePlus, Today Deals, Online Shopping"
"YATWIN Silicone Case for iPhone 17, Soft-Touch, Shockproof, DustProof, Antiskid Phone Cover ...",https://m.media-amazon.com/images/I/61b1wb5mKmL._SX679_.jpg,Best Deals on Amazon,,"YATWIN Silicone Case for iPhone 17, Soft-Touch, Shockproof, DustProof, Antiskid Phone Cover for Apple iPhone 17 - Black | Now only ₹312 (31% OFF) on Amazon India! Rated 4.1★ (5193+ reviews). Handpicked Gadgets & Electronics deal. Tap to buy on Amazon! #ad #AmazonDeals #BestDeals #TodayDeals #YATWIN",https://www.amazon.in/dp/B0FVFJHZBP?tag=nagireddy0e-21,,"Amazon Deals, Gadgets & Electronics, YATWIN, Today Deals, Online Shopping"
TheGiftKart Crystal Clear Back Cover Case for Motorola Moto Edge 70 Fusion 5G | 360 Degree P...,https://m.media-amazon.com/images/I/61zr9ZhmWRL._SX679_.jpg,Best Deals on Amazon,,"TheGiftKart Crystal Clear Back Cover Case for Motorola Moto Edge 70 Fusion 5G | 360 Degree Protection | Shock Proof Design | Transparent Back Case Cover (PC & TPU, Transparent Bumper) | Now only ₹299 (70% OFF) on Amazon India! Rated 4.4★ (219+ reviews). Handpicked Gadgets & Electronics deal. Tap to buy on Amazon! #ad #AmazonDeals #BestDeals #TodayDeals #TheGiftKart",https://www.amazon.in/dp/B0GRGY8GTV?tag=nagireddy0e-21,,"Amazon Deals, Gadgets & Electronics, TheGiftKart, Today Deals, Online Shopping"
OnePlus Nord 6 | 8GB+256GB | Quick Silver | Snapdragon 8s Gen 4 | Segment&#x27;s First Stabl...,https://m.media-amazon.com/images/I/61aAC4zDc9L._SX679_.jpg,Best Deals on Amazon,,"OnePlus Nord 6 | 8GB+256GB | Quick Silver | Snapdragon 8s Gen 4 | Segment&#x27;s First Stable 165FPS Gaming | Segment&#x27;s Largest 9000mAh Battery | Most Complete IP Rating | Personalized AI | Now only ₹44,499 (16% OFF) on Amazon India! Rated 4★ (1187+ reviews). Handpicked Gadgets & Electronics deal. Tap to buy on Amazon! #ad #AmazonDeals #BestDeals #TodayDeals #OnePlus",https://www.amazon.in/dp/B0GRB5C1HW?tag=nagireddy0e-21,,"Amazon Deals, Gadgets & Electronics, OnePlus, Today Deals, Online Shopping"
"Samsung Galaxy Tab S10 Lite with AI, S Pen, 10.9 Inch, Wi-Fi + 5G - ₹34,999 (17% OFF)",https://m.media-amazon.com/images/I/61CEEuPRM9L._SX679_.jpg,Best Deals on Amazon,,"Samsung Galaxy Tab S10 Lite with AI, S Pen, 10.9 Inch, Wi-Fi + 5G | Now only ₹34,999 (17% OFF) on Amazon India! Rated 4.3★ (6+ reviews). Handpicked Gadgets & Electronics deal. Tap to buy on Amazon! #ad #AmazonDeals #BestDeals #TodayDeals #Samsung",https://www.amazon.in/dp/B0FNWRZSC5?tag=nagireddy0e-21,,"Amazon Deals, Gadgets & Electronics, Samsung, Today Deals, Online Shopping"
"Samsung Galaxy S26 Ultra 5G (Black, 12GB RAM, 256GB Storage) with Built-in Privacy Display, ...",https://m.media-amazon.com/images/I/71RLLn9RZxL._SX679_.jpg,Best Deals on Amazon,,"Samsung Galaxy S26 Ultra 5G (Black, 12GB RAM, 256GB Storage) with Built-in Privacy Display, AI Phone, Photo Assist, Creative Studio, 200MP Camera, 5000mAh Battery and Snapdragon 8 Elite Gen 5 | Now only ₹1,24,999 (26% OFF) on Amazon India! Rated 4.5★ (1752+ reviews). Handpicked Gadgets & Electronics deal. Tap to buy on Amazon! #ad #AmazonDeals #BestDeals #TodayDeals #Samsung",https://www.amazon.in/dp/B0GL8FNY5G?tag=nagireddy0e-21,,"Amazon Deals, Gadgets & Electronics, Samsung, Today Deals, Online Shopping"
"Samsung Galaxy S26 Ultra 5G (Cobalt Violet, 12GB RAM, 256GB Storage)_with Other Offers - ₹1,...",https://m.media-amazon.com/images/I/61nCF5CGqkL._SX679_.jpg,Best Deals on Amazon,,"Samsung Galaxy S26 Ultra 5G (Cobalt Violet, 12GB RAM, 256GB Storage)_with Other Offers | Now only ₹1,19,230 (15% OFF) on Amazon India! Rated 4.5★ (264+ reviews). Handpicked Gadgets & Electronics deal. Tap to buy on Amazon! #ad #AmazonDeals #BestDeals #TodayDeals #Samsung",https://www.amazon.in/dp/B0GLGVG814?tag=nagireddy0e-21,,"Amazon Deals, Gadgets & Electronics, Samsung, Today Deals, Online Shopping"
"Samsung 653L Side By Side Refrigerator - ₹79,990 (29% OFF)",https://m.media-amazon.com/images/I/61iuinKSjKL._SY879_.jpg,Best Deals on Amazon,,"Samsung 653L Side By Side Refrigerator | Now only ₹79,990 (29% OFF) on Amazon India! Rated 4.2★ (535+ reviews). Handpicked Gadgets & Electronics deal. Tap to buy on Amazon! #ad #AmazonDeals #BestDeals #TodayDeals #Samsung",https://www.amazon.in/dp/B0BQC4Y4TP?tag=nagireddy0e-21,,"Amazon Deals, Gadgets & Electronics, Samsung, Today Deals, Online Shopping"
"Dell 15 SmartChoice (Previously Inspiron), Intel 13th Gen Core i5-1334U, 16GB, 1TB SSD, FHD,...",https://m.media-amazon.com/images/I/61BdsDQbMiL._SX679_.jpg,Best Deals on Amazon,,"Dell 15 SmartChoice (Previously Inspiron), Intel 13th Gen Core i5-1334U, 16GB, 1TB SSD, FHD,15.6""/39.62cm, Win 11, MSO&#x27;24, Silver, 1.62kg, [Dell 15], 12 Month McAfee, Backlit KB, Thin & Light Laptop | Now only ₹66,990 (33% OFF) on Amazon India! Rated 3.9★ (123+ reviews). Handpicked Gadgets & Electronics deal. Tap to buy on Amazon! #ad #AmazonDeals #BestDeals #TodayDeals #Dell",https://www.amazon.in/dp/B0DSFQZTVW?tag=nagireddy0e-21,,"Amazon Deals, Gadgets & Electronics, Dell, Today Deals, Online Shopping"
"Xiaomi 138 cm (55 inch) FX Pro QLED Ultra HD 4K Smart Fire TV L55MB-FPIN - ₹37,998 (40% OFF)",https://m.media-amazon.com/images/I/81G7HkMBe1L._SX679_.jpg,Best Deals on Amazon,,"Xiaomi 138 cm (55 inch) FX Pro QLED Ultra HD 4K Smart Fire TV L55MB-FPIN | Now only ₹37,998 (40% OFF) on Amazon India! Rated 4.2★ (11+ reviews). Handpicked Gadgets & Electronics deal. Tap to buy on Amazon! #ad #AmazonDeals #BestDeals #TodayDeals #Xiaomi",https://www.amazon.in/dp/B0F3JL33DW?tag=nagireddy0e-21,,"Amazon Deals, Gadgets & Electronics, Xiaomi, Today Deals, Online Shopping"
"Samsung Galaxy Tab S10 Lite Tablet with AI & S Pen - ₹30,999 (47% OFF)",https://m.media-amazon.com/images/I/61CEEuPRM9L._SX679_.jpg,Best Deals on Amazon,,"Samsung Galaxy Tab S10 Lite Tablet with AI & S Pen | Now only ₹30,999 (47% OFF) on Amazon India! Rated 4.3★ (512+ reviews). Handpicked Gadgets & Electronics deal. Tap to buy on Amazon! #ad #AmazonDeals #BestDeals #TodayDeals #Samsung",https://www.amazon.in/dp/B0FNWNZZ1B?tag=nagireddy0e-21,,"Amazon Deals, Gadgets & Electronics, Samsung, Today Deals, Online Shopping"
"Samsung Galaxy Tab S10 Lite with AI [Smartchoice], S Pen in-Box, 27.7 cm (10.9 Inch) Display...",https://m.media-amazon.com/images/I/61lUUj0KWwL._SX679_.jpg,Best Deals on Amazon,,"Samsung Galaxy Tab S10 Lite with AI [Smartchoice], S Pen in-Box, 27.7 cm (10.9 Inch) Display, Object Eraser, 90Hz Refresh Rate, IP42 Rating, 6GB RAM, 128GB Storage, Wi-Fi + 5G Tablet, Silver | Now only ₹34,999 (17% OFF) on Amazon India! Rated 4.3★ (6+ reviews). Handpicked Gadgets & Electronics deal. Tap to buy on Amazon! #ad #AmazonDeals #BestDeals #TodayDeals #Samsung",https://www.amazon.in/dp/B0FNWSP5L3?tag=nagireddy0e-21,,"Amazon Deals, Gadgets & Electronics, Samsung, Today Deals, Online Shopping"
"Samsung Galaxy S26 5G (Sky Blue, 12GB RAM, 256GB Storage), AI Phone, Photo Assist, Creative ...",https://m.media-amazon.com/images/I/71tDWJ3ZHaL._SX679_.jpg,Best Deals on Amazon,,"Samsung Galaxy S26 5G (Sky Blue, 12GB RAM, 256GB Storage), AI Phone, Photo Assist, Creative Studio, 50MP Camera with ProVisual Engine, Powerful Customized Processor and 4300mAh Battery | Now only ₹79,999 (32% OFF) on Amazon India! Rated 5★ (1+ reviews). Handpicked Gadgets & Electronics deal. Tap to buy on Amazon! #ad #AmazonDeals #BestDeals #TodayDeals #Samsung",https://www.amazon.in/dp/B0GL8HZF8R?tag=nagireddy0e-21,,"Amazon Deals, Gadgets & Electronics, Samsung, Today Deals, Online Shopping"
"ECOVACS Deebot N50 Pro Omni 2 in 1 Robotic Vacuum Cleaner & Mop, 2026 New Launch 25000 Pa Su...",https://m.media-amazon.com/images/I/7121PGdeQML._SX679_.jpg,Best Deals on Amazon,,"ECOVACS Deebot N50 Pro Omni 2 in 1 Robotic Vacuum Cleaner & Mop, 2026 New Launch 25000 Pa Suction, Self-Emptying Omni-Station, Zerotangle 3.0, Hot Air-Drying, Auto-Lift Mop On Carpet, Upto 300 Mins | Now only ₹59,998 (65% OFF) on Amazon India! Rated 4.5★ (84+ reviews). Handpicked Gadgets & Electronics deal. Tap to buy on Amazon! #ad #AmazonDeals #BestDeals #TodayDeals #ECOVACS",https://www.amazon.in/dp/B0GKFDM4JZ?tag=nagireddy0e-21,,"Amazon Deals, Gadgets & Electronics, ECOVACS, Today Deals, Online Shopping"
Native M2 Pro Water Purifier by Urban Company | Preset Touch Dispensing + Battery | Smart Re...,https://m.media-amazon.com/images/I/61bRe+7bhlL._SX522_.jpg,Best Deals on Amazon,,"Native M2 Pro Water Purifier by Urban Company | Preset Touch Dispensing + Battery | Smart Real-time Tracking | 10-Stage RO+UV+Copper+Alkaline+Mineraliser | No Service for 2 Years | Now only ₹17,999 (33% OFF) on Amazon India! Rated 4.4★ (14+ reviews). Handpicked Gadgets & Electronics deal. Tap to buy on Amazon! #ad #AmazonDeals #BestDeals #TodayDeals #Native",https://www.amazon.in/dp/B0G4CHKBGP?tag=nagireddy0e-21,,"Amazon Deals, Gadgets & Electronics, Native, Today Deals, Online Shopping"
"HP Smartchoice Victus, 13th Gen i7-13620H, 6GB RTX 4050, 16GB DDR4(Upgradeable) 512GB SSD, 1...",https://m.media-amazon.com/images/I/7136hMkIEBL._SX679_.jpg,Best Deals on Amazon,,"HP Smartchoice Victus, 13th Gen i7-13620H, 6GB RTX 4050, 16GB DDR4(Upgradeable) 512GB SSD, 144Hz, 300nits, 15.6&#x27;&#x27;/39.6cm, Win11, Office24, Mica Silver, 2.3kg, fa2100tx, Xbox Gamepass* Gaming Laptop | Now only ₹1,02,990 (0% OFF) on Amazon India! Rated 4.6★ (3+ reviews). Handpicked Gadgets & Electronics deal. Tap to buy on Amazon! #ad #AmazonDeals #BestDeals #TodayDeals #HP",https://www.amazon.in/dp/B0FDKS93JV?tag=nagireddy0e-21,,"Amazon Deals, Gadgets & Electronics, HP, Today Deals, Online Shopping"
Sony HT-S20R Real 5.1ch Dolby Digital Soundbar for TV with subwoofer and Compact Rear Speake...,https://m.media-amazon.com/images/I/71h7fLNEQPL._SX679_.jpg,Best Deals on Amazon,,"Sony HT-S20R Real 5.1ch Dolby Digital Soundbar for TV with subwoofer and Compact Rear Speakers, 5.1ch Home Theatre System (400W,Bluetooth & USB Connectivity, HDMI & Optical connectivity) Price: Buy Sony HT-S20R Real 5.1ch Dolby Digital Soundbar for TV with subwoofer and Compact Rear Speakers, 5.1ch Home Theatre System (400W,Bluetooth & USB Connectivity, HDMI & Optical connectivity) Online in India | Now only ₹14,989 (38% OFF) on Amazon India! Rated 4.6★ (23+ reviews). Handpicked Gadgets & Electronics deal. Tap to buy on Amazon! #ad #AmazonDeals #BestDeals #TodayDeals #Sony",https://www.amazon.in/dp/B084685MT1?tag=nagireddy0e-21,,"Amazon Deals, Gadgets & Electronics, Sony, Today Deals, Online Shopping"
"Haier SmartChoice 598L 3 Star 3-Door Side by Side Frost Free Fridge - ₹78,690 (42% OFF)",https://m.media-amazon.com/images/I/61meSxCyjXL._SX679_.jpg,Best Deals on Amazon,,"Haier SmartChoice 598L 3 Star 3-Door Side by Side Frost Free Fridge | Now only ₹78,690 (42% OFF) on Amazon India! Rated 4★ (25+ reviews). Handpicked Gadgets & Electronics deal. Tap to buy on Amazon! #ad #AmazonDeals #BestDeals #TodayDeals #Haier",https://www.amazon.in/dp/B0CVS6V8SM?tag=nagireddy0e-21,,"Amazon Deals, Gadgets & Electronics, Haier, Today Deals, Online Shopping"
"Haier 598L 3-Door Side by Side Frost Free Refrigerator - ₹78,490 (45% OFF)",https://m.media-amazon.com/images/I/61XKQTDetWL._SX679_.jpg,Best Deals on Amazon,,"Haier 598L 3-Door Side by Side Frost Free Refrigerator | Now only ₹78,490 (45% OFF) on Amazon India! Rated 4★ (78+ reviews). Handpicked Gadgets & Electronics deal. Tap to buy on Amazon! #ad #AmazonDeals #BestDeals #TodayDeals #Haier",https://www.amazon.in/dp/B0C7HJSBKP?tag=nagireddy0e-21,,"Amazon Deals, Gadgets & Electronics, Haier, Today Deals, Online Shopping"
"Haier 592L 3-Door Side by Side Frost Free Refrigerator - ₹82,990 (43% OFF)",https://m.media-amazon.com/images/I/613WJ0CtxpL._SX679_.jpg,Best Deals on Amazon,,"Haier 592L 3-Door Side by Side Frost Free Refrigerator | Now only ₹82,990 (43% OFF) on Amazon India! Rated 4★ (78+ reviews). Handpicked Gadgets & Electronics deal. Tap to buy on Amazon! #ad #AmazonDeals #BestDeals #TodayDeals #Haier",https://www.amazon.in/dp/B0DZBZ31VK?tag=nagireddy0e-21,,"Amazon Deals, Gadgets & Electronics, Haier, Today Deals, Online Shopping"
"Lenovo {Smartchoice} Idea Tab Pro with Pen Plus & Keyboard|12.7"" 3K Display|144 Hz Refresh|1...",https://m.media-amazon.com/images/I/61GfoVkq4XL._SX679_.jpg,Best Deals on Amazon,,"Lenovo {Smartchoice} Idea Tab Pro with Pen Plus & Keyboard|12.7"" 3K Display|144 Hz Refresh|12 GB RAM, 256 GB ROM| AI-Enabled| MediaTek Dimensity 8300|4 JBL Speakers|10200 mAh Battery with 45 W Charger | Now only ₹38,999 (20% OFF) on Amazon India! Rated 4.2★ (6+ reviews). Handpicked Gadgets & Electronics deal. Tap to buy on Amazon! #ad #AmazonDeals #BestDeals #TodayDeals #Lenovo",https://www.amazon.in/dp/B0GP6YWSY2?tag=nagireddy0e-21,,"Amazon Deals, Gadgets & Electronics, Lenovo, Today Deals, Online Shopping"
"PHILIPS Air Fryer NA120/00, 4.2 Litre, Large | uses up to 90% less fat, with Rapid Air Techn...",https://m.media-amazon.com/images/I/51CM1SXLDIL._SX679_.jpg,Best Deals on Amazon,,"PHILIPS Air Fryer NA120/00, 4.2 Litre, Large | uses up to 90% less fat, with Rapid Air Technology | Now only ₹4,699 (22% OFF) on Amazon India! Rated 4★ (70+ reviews). Handpicked Home & Kitchen Essentials deal. Tap to buy on Amazon! #ad #AmazonDeals #BestDeals #TodayDeals #PHILIPS",https://www.amazon.in/dp/B0D14BB5XY?tag=nagireddy0e-21,,"Amazon Deals, Home & Kitchen Essentials, PHILIPS, Today Deals, Online Shopping"
"ATOM/Aliston K1 Series A121/SF-400 Digital Weighing Machine/Scale (10kg, 1g accuracy) High P...",https://m.media-amazon.com/images/I/51C6yp8HitL._SX522_.jpg,Best Deals on Amazon,,"ATOM/Aliston K1 Series A121/SF-400 Digital Weighing Machine/Scale (10kg, 1g accuracy) High Precision Scale for Food with Large LCD Display, Tare Function Multi weighing mode-g, oz For Home, Kitchen | Now only ₹229 (62% OFF) on Amazon India! Rated 4.2★ (161+ reviews). Handpicked Home & Kitchen Essentials deal. Tap to buy on Amazon! #ad #AmazonDeals #BestDeals #TodayDeals #ATOMAliston",https://www.amazon.in/dp/B083C6XMKQ?tag=nagireddy0e-21,,"Amazon Deals, Home & Kitchen Essentials, ATOM/Aliston, Today Deals, Online Shopping"
Ezee Live Life Ezee Way Black Garbage Bags for Dustbin - ₹174 (71% OFF),https://m.media-amazon.com/images/I/71erHCKJ3WL._SX679_.jpg,Best Deals on Amazon,,Ezee Live Life Ezee Way Black Garbage Bags for Dustbin | Now only ₹174 (71% OFF) on Amazon India! Rated 3.9★ (16287+ reviews). Handpicked Gadgets & Electronics deal. Tap to buy on Amazon! #ad #AmazonDeals #BestDeals #TodayDeals #Ezee,https://www.amazon.in/dp/B06VX8YR6Q?tag=nagireddy0e-21,,"Amazon Deals, Gadgets & Electronics, Ezee, Today Deals, Online Shopping"
Buy Wakefit Water Proof Terry Cotton Mattress Protector | Grey | Machine Washable | Super So...,https://m.media-amazon.com/images/I/61sRf7oDELL._SX679_.jpg,Best Deals on Amazon,,Buy Wakefit Water Proof Terry Cotton Mattress Protector | Grey | Machine Washable | Super Soft | Fits Mattress Upto 10 inches Online at Low Prices in India | Now only ₹894 (37% OFF) on Amazon India! Rated 4.1★ (1491+ reviews). Handpicked Gadgets & Electronics deal. Tap to buy on Amazon! #ad #AmazonDeals #BestDeals #TodayDeals #Buy,https://www.amazon.in/dp/B0C1S894S3?tag=nagireddy0e-21,,"Amazon Deals, Gadgets & Electronics, Buy, Today Deals, Online Shopping"
Presto! Garbage Bags Large - ₹329 (45% OFF),"https://m.media-amazon.com/images/I/61fn1xtHO4L._SX679_PIbundle-6,TopRight,0,0_AA679SH20_.jpg",Best Deals on Amazon,,Presto! Garbage Bags Large | Now only ₹329 (45% OFF) on Amazon India! Rated 4.4★ (54160+ reviews). Handpicked Gadgets & Electronics deal. Tap to buy on Amazon! #ad #AmazonDeals #BestDeals #TodayDeals #Presto,https://www.amazon.in/dp/B0821PYKVK?tag=nagireddy0e-21,,"Amazon Deals, Gadgets & Electronics, Presto!, Today Deals, Online Shopping"
Dreamica Set of 2 Designer Rakhi for Brother | Combo with ‘My Brother Is Awesome’ Fridge Mag...,https://m.media-amazon.com/images/I/71-PwfuDeHL._SX679_.jpg,Best Deals on Amazon,,"Dreamica Set of 2 Designer Rakhi for Brother | Combo with ‘My Brother Is Awesome’ Fridge Magnet, Tilak Set (Roli-Chawal), and Greeting Card | Best Rakhi Gift For Brother (Rakhi-92) | Now only ₹149 (79% OFF) on Amazon India! Rated 3.9★ (83+ reviews). Handpicked Gadgets & Electronics deal. Tap to buy on Amazon! #ad #AmazonDeals #BestDeals #TodayDeals #Dreamica",https://www.amazon.in/dp/B0F8NM118N?tag=nagireddy0e-21,,"Amazon Deals, Gadgets & Electronics, Dreamica, Today Deals, Online Shopping"
DALUCI Self Adhesive Wall Hooks - 20 Pcs Heavy Duty Wall Hooks for Hanging | Nail Free Stick...,https://m.media-amazon.com/images/I/61GkkM+S6lL._SX679_.jpg,Best Deals on Amazon,,"DALUCI Self Adhesive Wall Hooks - 20 Pcs Heavy Duty Wall Hooks for Hanging | Nail Free Sticky Hooks for Wall Heavy Items Without Drilling, Transparent Wall Hanger Hook (Flower Hook, 20) | Now only ₹170 (20% OFF) on Amazon India! Rated 4★ (1194+ reviews). Handpicked Gadgets & Electronics deal. Tap to buy on Amazon! #ad #AmazonDeals #BestDeals #TodayDeals #DALUCI",https://www.amazon.in/dp/B0D8PQQQ6G?tag=nagireddy0e-21,,"Amazon Deals, Gadgets & Electronics, DALUCI, Today Deals, Online Shopping"
CraftVatika Bhaiya Bhabhi Evil Eye Rakhi Magnet Combo Set - ₹159 (68% OFF),https://m.media-amazon.com/images/I/51eS0KezulL.jpg,Best Deals on Amazon,,CraftVatika Bhaiya Bhabhi Evil Eye Rakhi Magnet Combo Set | Now only ₹159 (68% OFF) on Amazon India! Rated 4.2★ (114+ reviews). Handpicked Gadgets & Electronics deal. Tap to buy on Amazon! #ad #AmazonDeals #BestDeals #TodayDeals #CraftVatika,https://www.amazon.in/dp/B0C9MQSJQN?tag=nagireddy0e-21,,"Amazon Deals, Gadgets & Electronics, CraftVatika, Today Deals, Online Shopping"
CraftVatika Rakhi Combo Set for Brother and Bhabhi - ₹159 (68% OFF),https://m.media-amazon.com/images/I/61DIu5n-s5L._SX679_.jpg,Best Deals on Amazon,,CraftVatika Rakhi Combo Set for Brother and Bhabhi | Now only ₹159 (68% OFF) on Amazon India! Rated 4.2★ (12+ reviews). Handpicked Gadgets & Electronics deal. Tap to buy on Amazon! #ad #AmazonDeals #BestDeals #TodayDeals #CraftVatika,https://www.amazon.in/dp/B0CFHSG7CF?tag=nagireddy0e-21,,"Amazon Deals, Gadgets & Electronics, CraftVatika, Today Deals, Online Shopping"
"Buy WARMEO MICROMATE Microwave-Safe Stainless Steel Lunch Box, Bpa Free, Perfect for Office,...",https://m.media-amazon.com/images/I/61dcjkw9fjL._SX679_.jpg,Best Deals on Amazon,,"Buy WARMEO MICROMATE Microwave-Safe Stainless Steel Lunch Box, Bpa Free, Perfect for Office, School, Travelling, Combo(800ml+150 ml),Green Online at Low Prices in India | Now only ₹479 (20% OFF) on Amazon India! Rated 3.9★ (750+ reviews). Handpicked Gadgets & Electronics deal. Tap to buy on Amazon! #ad #AmazonDeals #BestDeals #TodayDeals #Buy",https://www.amazon.in/dp/B0FPXKMT65?tag=nagireddy0e-21,,"Amazon Deals, Gadgets & Electronics, Buy, Today Deals, Online Shopping"
Ambrane Unbreakable 3A Fast Charging 1.5m Braided Type C Cable - ₹99 (72% OFF),https://m.media-amazon.com/images/I/61W8xeZTwxL._SX679_.jpg,Best Deals on Amazon,,Ambrane Unbreakable 3A Fast Charging 1.5m Braided Type C Cable | Now only ₹99 (72% OFF) on Amazon India! Rated 3.9★ (9000+ reviews). Handpicked Gadgets & Electronics deal. Tap to buy on Amazon! #ad #AmazonDeals #BestDeals #TodayDeals #Ambrane,https://www.amazon.in/dp/B098NS6PVG?tag=nagireddy0e-21,,"Amazon Deals, Gadgets & Electronics, Ambrane, Today Deals, Online Shopping"
"Samsung Original 25W USB Type-C Travel Adaptor Without Cable for Google Pixel, Xiaomi, Motor...",https://m.media-amazon.com/images/I/512UVkoMMEL._SX679_.jpg,Best Deals on Amazon,,"Samsung Original 25W USB Type-C Travel Adaptor Without Cable for Google Pixel, Xiaomi, Motorola, iPhone, Samsung Galaxy Tab S/A Series, Galaxy S10/M54/M55/A80/A90/S25/S24, White | Now only ₹630 (63% OFF) on Amazon India! Rated 3.9★ (1377+ reviews). Handpicked Gadgets & Electronics deal. Tap to buy on Amazon! #ad #AmazonDeals #BestDeals #TodayDeals #Samsung",https://www.amazon.in/dp/B0D2R2MXXJ?tag=nagireddy0e-21,,"Amazon Deals, Gadgets & Electronics, Samsung, Today Deals, Online Shopping"
Xiaomi Power Bank 4i 20000mAh 33W Super Fast Charging PD |Smart 12 Layer Protection|Type C I...,https://m.media-amazon.com/images/I/41vBAaU8clL._SX679_.jpg,Best Deals on Amazon,,"Xiaomi Power Bank 4i 20000mAh 33W Super Fast Charging PD |Smart 12 Layer Protection|Type C Input & Output|Triple Output Ports|Supports Android,Apple, Tablets, Earbuds,Watch(MI Powerbank),Black | Now only ₹1,999 (50% OFF) on Amazon India! Rated 4.1★ (1835+ reviews). Handpicked Gadgets & Electronics deal. Tap to buy on Amazon! #ad #AmazonDeals #BestDeals #TodayDeals #Xiaomi",https://www.amazon.in/dp/B0DCZ3WDTB?tag=nagireddy0e-21,,"Amazon Deals, Gadgets & Electronics, Xiaomi, Today Deals, Online Shopping"
"Samsung Galaxy M06 5G Mobile (Blazing Black, 4GB RAM, 64GB Storage) | MediaTek Dimensity 630...",https://m.media-amazon.com/images/I/71K8ghTEGlL._SX679_.jpg,Best Deals on Amazon,,"Samsung Galaxy M06 5G Mobile (Blazing Black, 4GB RAM, 64GB Storage) | MediaTek Dimensity 6300 | AnTuTu 623K+ | 12 5G Bands | 25W Fast Charging | 4 Gen OS Upgrades | 50MP Camera | Without Charger | Now only ₹12,499 (17% OFF) on Amazon India! Rated 4.1★ (773+ reviews). Handpicked Gadgets & Electronics deal. Tap to buy on Amazon! #ad #AmazonDeals #BestDeals #TodayDeals #Samsung",https://www.amazon.in/dp/B0G81XPRN4?tag=nagireddy0e-21,,"Amazon Deals, Gadgets & Electronics, Samsung, Today Deals, Online Shopping"
"Samsung Galaxy M17 5G Mobile (Sapphire Black, 6GB RAM, 128GB Storage) | 50MP OIS Triple Came...",https://m.media-amazon.com/images/I/7101h6htEgL._SX679_.jpg,Best Deals on Amazon,,"Samsung Galaxy M17 5G Mobile (Sapphire Black, 6GB RAM, 128GB Storage) | 50MP OIS Triple Camera | Gorilla Glass Victus | IP54 | 6 Gen OS Upgrades | AI | Gemini Live | Lag-Free Gaming | Without Charger | Now only ₹18,999 (21% OFF) on Amazon India! Rated 4★ (717+ reviews). Handpicked Gadgets & Electronics deal. Tap to buy on Amazon! #ad #AmazonDeals #BestDeals #TodayDeals #Samsung",https://www.amazon.in/dp/B0G81P4MPG?tag=nagireddy0e-21,,"Amazon Deals, Gadgets & Electronics, Samsung, Today Deals, Online Shopping"
"Fire-Boltt Ninja Call Pro Bluetooth Calling Smart Watch, 1.69″ HD Display,Dual Chip,AI Voice...",https://m.media-amazon.com/images/I/61gnwDgVZbL._SX679_.jpg,Best Deals on Amazon,,"Fire-Boltt Ninja Call Pro Bluetooth Calling Smart Watch, 1.69″ HD Display,Dual Chip,AI Voice Assistant, 120+ Sports Modes, SpO2 & Heart Rate Monitor, Fitness Tracker Smartwatch for Men & Women - Black | Now only ₹999 (94% OFF) on Amazon India! Rated 4★ (1569+ reviews). Handpicked Gadgets & Electronics deal. Tap to buy on Amazon! #ad #AmazonDeals #BestDeals #TodayDeals #FireBoltt",https://www.amazon.in/dp/B0B854R7NS?tag=nagireddy0e-21,,"Amazon Deals, Gadgets & Electronics, Fire-Boltt, Today Deals, Online Shopping"
Pikkme Flip Cover Leather Finish | Inside TPU with Card Pockets | Wallet Stand and Shock Pro...,https://m.media-amazon.com/images/I/71dgsZIt2JL._SX679_.jpg,Best Deals on Amazon,,Pikkme Flip Cover Leather Finish | Inside TPU with Card Pockets | Wallet Stand and Shock Proof | Complete Protection Flip Case for Samsung Galaxy A05 / M05 / F05 (Blue) | Now only ₹199 (80% OFF) on Amazon India! Rated 4★ (31+ reviews). Handpicked Gadgets & Electronics deal. Tap to buy on Amazon! #ad #AmazonDeals #BestDeals #TodayDeals #Pikkme,https://www.amazon.in/dp/B0CLBC6833?tag=nagireddy0e-21,,"Amazon Deals, Gadgets & Electronics, Pikkme, Today Deals, Online Shopping"
OpenTech Military-Grade Tempered Glass Screen Protector - ₹298 (70% OFF),https://m.media-amazon.com/images/I/712dSDt3nOL._SX679_.jpg,Best Deals on Amazon,,OpenTech Military-Grade Tempered Glass Screen Protector | Now only ₹298 (70% OFF) on Amazon India! Rated 4★ (21981+ reviews). Handpicked Gadgets & Electronics deal. Tap to buy on Amazon! #ad #AmazonDeals #BestDeals #TodayDeals #OpenTech,https://www.amazon.in/dp/B09GP6FBZT?tag=nagireddy0e-21,,"Amazon Deals, Gadgets & Electronics, OpenTech, Today Deals, Online Shopping"
"Samsung Galaxy M36 5G Mobile - ₹19,999 (22% OFF)",https://m.media-amazon.com/images/I/71M0xLXh+4L._SX679_.jpg,Best Deals on Amazon,,"Samsung Galaxy M36 5G Mobile | Now only ₹19,999 (22% OFF) on Amazon India! Rated 5★ (1+ reviews). Handpicked Gadgets & Electronics deal. Tap to buy on Amazon! #ad #AmazonDeals #BestDeals #TodayDeals #Samsung",https://www.amazon.in/dp/B0FDBB2VRC?tag=nagireddy0e-21,,"Amazon Deals, Gadgets & Electronics, Samsung, Today Deals, Online Shopping"
"Ambrane Magsafe Wireless 10000Mah Fast Charging USB Type-C Input Power Bank, Strong Magnet, ...",https://m.media-amazon.com/images/I/61H84kDDNFL._SX679_.jpg,Best Deals on Amazon,,"Ambrane Magsafe Wireless 10000Mah Fast Charging USB Type-C Input Power Bank, Strong Magnet, 22.5W Output For iPhone 12 & Above, Android & Other Qi Enabled Devices + Magnetic Ring (Aerosync Snap, Blue) | Now only ₹1,399 (53% OFF) on Amazon India! Rated 3.9★ (1295+ reviews). Handpicked Gadgets & Electronics deal. Tap to buy on Amazon! #ad #AmazonDeals #BestDeals #TodayDeals #Ambrane",https://www.amazon.in/dp/B0D9S87H53?tag=nagireddy0e-21,,"Amazon Deals, Gadgets & Electronics, Ambrane, Today Deals, Online Shopping"
"Samsung Galaxy 45W Travel Adaptor (Without Cable), Black - ₹990 (72% OFF)",https://m.media-amazon.com/images/I/61bB+v8qJqL._SX679_.jpg,Best Deals on Amazon,,"Samsung Galaxy 45W Travel Adaptor (Without Cable), Black | Now only ₹990 (72% OFF) on Amazon India! Rated 3.8★ (1295+ reviews). Handpicked Gadgets & Electronics deal. Tap to buy on Amazon! #ad #AmazonDeals #BestDeals #TodayDeals #Samsung",https://www.amazon.in/dp/B0DSFTRX77?tag=nagireddy0e-21,,"Amazon Deals, Gadgets & Electronics, Samsung, Today Deals, Online Shopping"
"boAt 2026 Launch Airdopes Plus 222 with Immersive Spatial Audio, 60 Hrs Battery, 13mm Driver...",https://m.media-amazon.com/images/I/619e8rXtoiL._SX679_.jpg,Best Deals on Amazon,,"boAt 2026 Launch Airdopes Plus 222 with Immersive Spatial Audio, 60 Hrs Battery, 13mm Drivers, Hearables App Support, Multi Connect, Voice Assistant TWS Earbuds with mic (Carbon Black) | Now only ₹899 (64% OFF) on Amazon India! Rated 3.9★ (1520+ reviews). Handpicked Gadgets & Electronics deal. Tap to buy on Amazon! #ad #AmazonDeals #BestDeals #TodayDeals #boAt",https://www.amazon.in/dp/B0GXBG2MNF?tag=nagireddy0e-21,,"Amazon Deals, Gadgets & Electronics, boAt, Today Deals, Online Shopping"
Portronics Bridge Y USB 3.0 to Type C OTG Adaptor - ₹119 (80% OFF),https://m.media-amazon.com/images/I/616jdfyhw8L._SX679_.jpg,Best Deals on Amazon,,Portronics Bridge Y USB 3.0 to Type C OTG Adaptor | Now only ₹119 (80% OFF) on Amazon India! Rated 4.4★ (2849+ reviews). Handpicked Gadgets & Electronics deal. Tap to buy on Amazon! #ad #AmazonDeals #BestDeals #TodayDeals #Portronics,https://www.amazon.in/dp/B0DH3J6LB9?tag=nagireddy0e-21,,"Amazon Deals, Gadgets & Electronics, Portronics, Today Deals, Online Shopping"
Portronics Konnect X 60W Type C to Type C Cable - ₹189 (81% OFF),https://m.media-amazon.com/images/I/61Zp3KE1XzL._SX679_.jpg,Best Deals on Amazon,,Portronics Konnect X 60W Type C to Type C Cable | Now only ₹189 (81% OFF) on Amazon India! Rated 4.3★ (16193+ reviews). Handpicked Gadgets & Electronics deal. Tap to buy on Amazon! #ad #AmazonDeals #BestDeals #TodayDeals #Portronics,https://www.amazon.in/dp/B0CV48C7S3?tag=nagireddy0e-21,,"Amazon Deals, Gadgets & Electronics, Portronics, Today Deals, Online Shopping"
"Samsung Galaxy Z Fold8 5G Smartphone with Galaxy AI (Graphite, 12GB RAM, 256GB Storage), All...",https://m.media-amazon.com/images/I/716Gr0umEaL._SX679_.jpg,Best Deals on Amazon,,"Samsung Galaxy Z Fold8 5G Smartphone with Galaxy AI (Graphite, 12GB RAM, 256GB Storage), All New Shape, Content Native Ratio, 4800mAh Battery, Dual 50MP Camera, Now Nudge, Photo Assist | Now only ₹1,74,999 (15% OFF) on Amazon India! Rated 5★ (1+ reviews). Handpicked Gadgets & Electronics deal. Tap to buy on Amazon! #ad #AmazonDeals #BestDeals #TodayDeals #Samsung",https://www.amazon.in/dp/B0H6WG2Y85?tag=nagireddy0e-21,,"Amazon Deals, Gadgets & Electronics, Samsung, Today Deals, Online Shopping"
"Samsung Galaxy S26 Ultra 5G (Sky Blue, 12GB RAM, 256GB Storage) with Built-in Privacy Displa...",https://m.media-amazon.com/images/I/71HXOEh+U1L._SX679_.jpg,Best Deals on Amazon,,"Samsung Galaxy S26 Ultra 5G (Sky Blue, 12GB RAM, 256GB Storage) with Built-in Privacy Display, AI Phone, Photo Assist, Creative Studio, 200MP Camera, 5000mAh Battery and Snapdragon 8 Elite Gen 5 | Now only ₹1,24,999 (26% OFF) on Amazon India! Rated 4.5★ (1752+ reviews). Handpicked Gadgets & Electronics deal. Tap to buy on Amazon! #ad #AmazonDeals #BestDeals #TodayDeals #Samsung",https://www.amazon.in/dp/B0GL85WGTZ?tag=nagireddy0e-21,,"Amazon Deals, Gadgets & Electronics, Samsung, Today Deals, Online Shopping"
"Lenovo Idea Tab Smartchoice with Pen 5G + Wi-Fi 11 Inch Tablet - ₹28,999 (0% OFF)",https://m.media-amazon.com/images/I/811f0wwClAL._SX679_.jpg,Best Deals on Amazon,,"Lenovo Idea Tab Smartchoice with Pen 5G + Wi-Fi 11 Inch Tablet | Now only ₹28,999 (0% OFF) on Amazon India! Rated 3.8★ (100+ reviews). Handpicked Gadgets & Electronics deal. Tap to buy on Amazon! #ad #AmazonDeals #BestDeals #TodayDeals #Lenovo",https://www.amazon.in/dp/B0FJG2TL3C?tag=nagireddy0e-21,,"Amazon Deals, Gadgets & Electronics, Lenovo, Today Deals, Online Shopping"
"Samsung Galaxy S26 5G (Cobalt Violet, 12GB RAM, 256GB Storage), AI Phone, Photo Assist, Crea...",https://m.media-amazon.com/images/I/71N8YkTS0TL._SX679_.jpg,Best Deals on Amazon,,"Samsung Galaxy S26 5G (Cobalt Violet, 12GB RAM, 256GB Storage), AI Phone, Photo Assist, Creative Studio, 50MP Camera with ProVisual Engine, Powerful Customized Processor and 4300mAh Battery | Now only ₹79,999 (32% OFF) on Amazon India! Rated 5★ (1+ reviews). Handpicked Gadgets & Electronics deal. Tap to buy on Amazon! #ad #AmazonDeals #BestDeals #TodayDeals #Samsung",https://www.amazon.in/dp/B0GL87VP7N?tag=nagireddy0e-21,,"Amazon Deals, Gadgets & Electronics, Samsung, Today Deals, Online Shopping"
"Samsung Galaxy M17e 5G Mobile (Vibe Violet, 6GB RAM, 128GB Storage) | Smoothest 120 Hz Refre...",https://m.media-amazon.com/images/I/717m3kkQM1L._SX679_.jpg,Best Deals on Amazon,,"Samsung Galaxy M17e 5G Mobile (Vibe Violet, 6GB RAM, 128GB Storage) | Smoothest 120 Hz Refresh Rate| Monster 6000 mAh Battery | IP54 | 6 Gen OS Upgrades | AI | Gemini Live | Without Charger | Now only ₹16,999 (11% OFF) on Amazon India! Rated 4★ (717+ reviews). Handpicked Gadgets & Electronics deal. Tap to buy on Amazon! #ad #AmazonDeals #BestDeals #TodayDeals #Samsung",https://www.amazon.in/dp/B0GN1J78Z2?tag=nagireddy0e-21,,"Amazon Deals, Gadgets & Electronics, Samsung, Today Deals, Online Shopping"
"HP Omnibook 5 OLED (Previously Pavilion), Snapdragon X Processor 45 Tops (16GB LPDDR5x, 1TB ...",https://m.media-amazon.com/images/I/61LWNk6pg5L._SX679_.jpg,Best Deals on Amazon,,"HP Omnibook 5 OLED (Previously Pavilion), Snapdragon X Processor 45 Tops (16GB LPDDR5x, 1TB SSD) 2K,16&#x27;&#x27;/40.6cm, Win11, Office24, Silver, 1.59kg, fb0001QU, Multi-Day Battery AI Laptop | Now only ₹80,990 (6% OFF) on Amazon India! Rated 4.3★ (6+ reviews). Handpicked Gadgets & Electronics deal. Tap to buy on Amazon! #ad #AmazonDeals #BestDeals #TodayDeals #HP",https://www.amazon.in/dp/B0FRM3G9JF?tag=nagireddy0e-21,,"Amazon Deals, Gadgets & Electronics, HP, Today Deals, Online Shopping"
"Samsung Smart Choice 8 kg, 5 star, Eco Bubble Tech, Digital Inverter Motor, Soft Closing Doo...",https://m.media-amazon.com/images/I/71RX-B2lAkL._SY879_.jpg,Best Deals on Amazon,,"Samsung Smart Choice 8 kg, 5 star, Eco Bubble Tech, Digital Inverter Motor, Soft Closing Door, Fully-Automatic Top Load Washing Machine (WA80BG4441BGTL, Light Gray) | Now only ₹19,490 (28% OFF) on Amazon India! Rated 4.2★ (1590+ reviews). Handpicked Gadgets & Electronics deal. Tap to buy on Amazon! #ad #AmazonDeals #BestDeals #TodayDeals #Samsung",https://www.amazon.in/dp/B0B8NK5HTH?tag=nagireddy0e-21,,"Amazon Deals, Gadgets & Electronics, Samsung, Today Deals, Online Shopping"